supplier_name,website,phone,email,trade,supplier_type,short_description,notes
Home Depot,homedepot.com,800-430-3376,customercare@homedepot.com,Building Materials,Supplier,Material supplier,Sample row retained from CRM header format for field compatibility.
American Metals Supply - Tampa,americanmetals.us,813-242-8100,sales@americanmetals.us,Aluminum / Metal Supply,Supplier,"Wholesale HVAC, patio, shutter, and industrial metal distributor serving Tampa contractors.","10840 Crossroads Commerce Blvd., Tampa, FL 33610 | Official/public source found | Ready - verified | https://americanmetals.us/contact/ | Supplier / distributor target"
B&E House Solutions,,,,Aluminum / Metal Supply,Supplier,Soffit: $4.50 per linear foot (including material) | Fascia: $4.50 per linear foot (including material) | Screen Aluminum for Lanai: $6.50 per square foot (including material) | Door,Existing workbook - phone/email extracted where possible | Hold - missing public contact | Review existing row: some old entries may be contractor/service records
Coastal Aluminum,coastalaluminum.net,727-868-8802,,Aluminum / Metal Supply,Supplier,"Address: 98HH+H4 Hudson, Florida, USA",Existing workbook - phone/email extracted where possible | Ready - verified | https://coastalaluminum.net/ | Review existing row: some old entries may be contractor/service records
Coastal Aluminum Hudson,coastalaluminum.net,727-868-8802,,Aluminum / Metal Supply,Supplier,Aluminum / Metal Supply supplier branch/candidate near Hudson. Verify phone/email before account setup.,Hudson | Branch candidate - verify exact phone/email | Import OK - verify before opening account | https://coastalaluminum.net/ | Supplier / distributor target
Eastern Metal Supply,easternmetal.com,,,Aluminum / Metal Supply,Supplier,"Wholesale aluminum distributor supplying extrusions, sheet, plate, patio, and custom aluminum components.","10411 East US Highway 92, Suite 103, Tampa, FL 33610 | Official/public source found | Ready - verified | https://www.easternmetal.com/locations | Supplier / distributor target"
AlumFlo Inc. St Petersburg,alumfloinc.com,,,Aluminum / Siding Supply,Supplier,Aluminum / Siding Supply supplier branch/candidate near St. Petersburg. Verify phone/email before account setup.,St. Petersburg | Branch candidate - verify exact phone/email | Import OK - verify before opening account | https://www.alumfloinc.com/ | Supplier / distributor target
Clinton Aluminum Tampa Bay,clintonaluminum.com,,,Aluminum / Stainless Supply,Supplier,Aluminum / Stainless Supply supplier branch/candidate near Tampa Bay. Verify phone/email before account setup.,Tampa Bay | Branch candidate - verify exact phone/email | Import OK - verify before opening account | https://www.clintonaluminum.com/ | Supplier / distributor target
Southeastern Aluminum Products Tampa Bay,sealuminum.com,,,Aluminum Products Supply,Supplier,Aluminum Products Supply supplier branch/candidate near Tampa Bay. Verify phone/email before account setup.,Tampa Bay | Branch candidate - verify exact phone/email | Import OK - verify before opening account | https://sealuminum.com/ | Supplier / distributor target
Best Supply Tampa,bestsupply.com/building-supplies-and-building-materials-in-tampa-florida,,,Building Materials,Supplier,"Commercial and residential construction materials, boards, metal framing, acoustical ceilings and accessories.",Tampa Bay | Official/public source found | Ready - verified | https://www.bestsupply.com/building-supplies-and-building-materials-in-tampa-florida | Supplier / distributor target
Carols Building Material,carrollsbuildingmaterials.com,727-822-3370,,Building Materials,Supplier,"2001 13th Ave N, St. Petersburg, FL 33713 | | (727) 822-3370",Existing workbook - phone/email extracted where possible | Ready - verified | https://www.carrollsbuildingmaterials.com/ | Review existing row: some old entries may be contractor/service records
Suncoast Building Materials,suncoastbuildingmaterials.com,,,Building Materials,Supplier,Building Materials supplier branch/candidate near Tampa Bay. Verify phone/email before account setup.,Tampa Bay | Branch candidate - verify exact phone/email | Import OK - verify before opening account | https://www.suncoastbuildingmaterials.com/ | Supplier / distributor target
US LBM Tampa Bay,uslbm.com,,,Building Materials,Supplier,Building Materials supplier branch/candidate near Tampa Bay. Verify phone/email before account setup.,Tampa Bay | Branch candidate - verify exact phone/email | Import OK - verify before opening account | https://uslbm.com/ | Supplier / distributor target
Carroll's Building Materials,carrollsbuildingmaterials.com,727-822-3370,,Building Materials / Masonry Supply,Supplier,Building Materials / Masonry Supply supplier branch/candidate near St. Petersburg. Verify phone/email before account setup.,St. Petersburg | Branch candidate - verify exact phone/email | Import OK - verify before opening account | https://www.carrollsbuildingmaterials.com/ | Supplier / distributor target
4 Acre Fencing,4acrefencing.com,,,Building Materials / Supplier,Supplier,"4 Acre Fencing is a licensed and professional fencing contractor providing residential and commercial fencing solutions in Florida. Their services include installation of vinyl, wo",Existing workbook - phone/email extracted where possible | Ready - verified | https://www.4acrefencing.com | Review existing row: some old entries may be contractor/service records
4. Weyerhaeuser (OSB Board),weyerhaeuser.com,206-539-3000,info@weyerhaeuser.com,Building Materials / Supplier,Supplier,"📌 Company: Weyerhaeuser | | Phone: +1 206-539-3000 | Email: info@weyerhaeuser.com | | 220 Occidental Ave S, Seattle, WA 98104, USA | | 🏗 Description: | One of the largest US suppliers o",Existing workbook - phone/email extracted where possible | Ready - verified | https://www.weyerhaeuser.com | Review existing row: some old entries may be contractor/service records
ALL TRACTOR & SITE WORK INC,,352-274-0091,,Building Materials / Supplier,Supplier,Contact Person: Jeremy (Owner) | | | Key Details: | | Unit Capacity: 16 cubic yards per full truckload. | | Standard Rate: $300 per truck (All-inclusive). | | Pric,Existing workbook - phone/email extracted where possible | Ready - verified | Review existing row: some old entries may be contractor/service records
Bill Zins DEWALT,bill,386-314-4879,,Building Materials / Supplier,Supplier,Bill Zins DEWALT | | Contact : +1 386-314-4879,Existing workbook - phone/email extracted where possible | Ready - verified | https://Bill Zins DEWALT | Review existing row: some old entries may be contractor/service records
BIRCH BUTCHER BLOCK,,,,Building Materials / Supplier,Supplier,"They are selling birch butcher block tops / countertops / panels (solid wood butcher-block panels). | | Pricing : | 25"" × 48"" — $99.00 | 25"" × 96"" — $199.00 | | Address: 6507 N. 54th",Existing workbook - phone/email extracted where possible | Hold - missing public contact | Review existing row: some old entries may be contractor/service records
BIRCH PLYWOOD,,513-255-3103,info@nfelitwood.com,Building Materials / Supplier,Supplier,"Address: 1784 Stanley Ave, Dayton, OH 45404, USA. | Phone: (513) 255-3103 | Email: info@nfelitwood.com | / sales@nfelitwood.com | | Products: Premium birch plywood (interior/exterior)",Existing workbook - phone/email extracted where possible | Ready - verified | Review existing row: some old entries may be contractor/service records
book demo,wwwbooks.com,,,Building Materials / Supplier,Supplier,Building Materials / Supplier supplier or contractor resource serving Tampa Bay.,Existing workbook - phone/email extracted where possible | Ready - verified | https://wwwbooks.com | Review existing row: some old entries may be contractor/service records
Bryant's Pump Service & Septic & Well Drilling ocala,bryantspump.com,352-810-8828,,Building Materials / Supplier,Supplier,"fully licensed, insured, and trained to provide a complete range of well and pump services, from residential installations to commercial and agricultural sys",Existing workbook - phone/email extracted where possible | Ready - verified | https://www.bryantspump.com | Review existing row: some old entries may be contractor/service records
cemexusa,cemexusa.com,352-629-8134,,Building Materials / Supplier,Supplier,CEMEX Ocala | | Sitio Web: cemexusa.com | | Teléfono: (352) 629-8134,Existing workbook - phone/email extracted where possible | Ready - verified | https://cemexusa.com | Review existing row: some old entries may be contractor/service records
CRC Coastal Rental Center,coastalequipmentsales.com,727-847-6694,,Building Materials / Supplier,Supplier,"Address: 8822 US-19, Port Richey, FL 34668. | Main phone: (727) 847-6694 | | Coastal Rental Center is a full-service rental and sales center. They support contractors (with heavy ma",Existing workbook - phone/email extracted where possible | Ready - verified | https://coastalequipmentsales.com | Review existing row: some old entries may be contractor/service records
Decks And Docks,decks-docks.com,727-755-8100,,Building Materials / Supplier,Supplier,Chris contact for ordering and managing accounts | | 7277558100,Existing workbook - phone/email extracted where possible | Ready - verified | https://www.decks-docks.com/ | Review existing row: some old entries may be contractor/service records
delzotto,delzottoreadymix.com,352-640-2903,,Building Materials / Supplier,Supplier,"Sitio Web: delzottoreadymix.com | | Teléfono: (352) 640-2903 | 2,500 PSI is $157/yd, to add fiber it would be + $6/yd. We do not have additional truck fees with the exception of a sh",Existing workbook - phone/email extracted where possible | Ready - verified | https://delzottoreadymix.com | Review existing row: some old entries may be contractor/service records
Dirt / Fill Dirt / Soil Delivery,,727-243-9568,,Building Materials / Supplier,Supplier,"Whiteley Trucking, Inc. | 📞 (727) 243-9568 – Fill dirt, topsoil, sand, crushed materials delivered (Bobcat spreading optional) | | Topsoil Tampa (Fill Dirt & Soil Supplier) | 📞 (813)",Existing workbook - phone/email extracted where possible | Ready - verified | Review existing row: some old entries may be contractor/service records
Elaris Verde,elaris,813-879-1000,,Building Materials / Supplier,Supplier,Home Depot | | Contatct : +1 813-879-1000,Existing workbook - phone/email extracted where possible | Ready - verified | https://Elaris Verde | Review existing row: some old entries may be contractor/service records
Exactify Estimating LLC,exactify,307-205-7472,info.exactifyestimating@gmail.com,Building Materials / Supplier,Supplier,"Business Name: Exactify Estimating LLC | Address: 30 N Gould St, Sheridan, WY 82801, USA | Phone: +1 (307) 205-7472 | Email: info.exactifyestimating@gmail.com | | https://crm.justsmart",Existing workbook - phone/email extracted where possible | Ready - verified | https://Exactify Estimating LLC | Review existing row: some old entries may be contractor/service records
Jeff A to Z,,727-422-2869,jeff@123printit.com,Building Materials / Supplier,Supplier,"custom printing, embroidery, and promotional materials. | Jeff@123printit.com | ‪(727) 422-2869‬",Existing workbook - phone/email extracted where possible | Ready - verified | Review existing row: some old entries may be contractor/service records
KEVIN POOLS,,352-650-8305,,Building Materials / Supplier,Supplier,Pool | 3526508305,Existing workbook - phone/email extracted where possible | Ready - verified | Review existing row: some old entries may be contractor/service records
Lili Delgado,,,,Building Materials / Supplier,Supplier,"Gabinetes de Lili Delgado en 5226 E. Hillsborough Ave. Tampa, Fl. 33610",Existing workbook - phone/email extracted where possible | Hold - missing public contact | Review existing row: some old entries may be contractor/service records
Massey Services (Pest Control Notice),masseyservices.com,888-262-0885,customerservice@masseyservices.com,Building Materials / Supplier,Supplier,"Company: Massey Services Inc. | | Phone: +1 888-262-0885 | Email: customerservice@masseyservices.com | | Florida HQ: | 315 Groveland St, Orlando, FL 32804, USA | | 🏗 Description: | Flori",Existing workbook - phone/email extracted where possible | Ready - verified | https://www.masseyservices.com/ | Review existing row: some old entries may be contractor/service records
Miguel installation,,407-280-6123,,Building Materials / Supplier,Supplier,Insolation | (407) 280-6123,Existing workbook - phone/email extracted where possible | Ready - verified | Review existing row: some old entries may be contractor/service records
PRIMED WOOD MOLDINGS,realwoodsfl.com,941-951-0236,,Building Materials / Supplier,Supplier,"Crown, Base, Others (Primed Wood Moldings - Crown, Base, Others) | Address: 1230 N East Ave, Sarasota, FL 34237 | Phone: 941-951-0236. | | They handle architectural millwork, primed m",Existing workbook - phone/email extracted where possible | Ready - verified | https://realwoodsfl.com | Review existing row: some old entries may be contractor/service records
Resources Search,homewyse.com/services/index.html,,,Building Materials / Supplier,Supplier,Link to Search Resources,Existing workbook - phone/email extracted where possible | Ready - verified | https://www.homewyse.com/services/index.html#google_vignette | Review existing row: some old entries may be contractor/service records
Ricky,aeae,386-559-7762,,Building Materials / Supplier,Supplier,386-559-7762,Existing workbook - phone/email extracted where possible | Ready - verified | https://AEAE CONSTRUCTION | Review existing row: some old entries may be contractor/service records
Super Cheap Trim (Greg Wiederman),,813-598-4663,,Building Materials / Supplier,Supplier,Owner/Supplier of trim moldings. Contacted via Facebook Marketplace/Website regarding moldings. | | Phone: (813) 598-4663,Existing workbook - phone/email extracted where possible | Ready - verified | Review existing row: some old entries may be contractor/service records
TEC (Self-Leveling Underlayment – Bag),tecspecialty.com,800-832-9023,techsupport@hbfuller.com,Building Materials / Supplier,Supplier,"📌 Company: TEC / H.B. Fuller Construction Products | Phone: +1 800-832-9023 | Email: techsupport@hbfuller.com | US Address: | 1105 S Frontenac St, Aurora, IL 60504, USA | 🏗 Description:",Existing workbook - phone/email extracted where possible | Ready - verified | https://www.tecspecialty.com | Review existing row: some old entries may be contractor/service records
The Home Depot,homedepot.com,727-808-1248,,Building Materials / Supplier,Supplier,Pro extra account name: Smart Choice Contractors USA | Phone: 7278081248,Existing workbook - phone/email extracted where possible | Ready - verified | https://homedepot.com | Review existing row: some old entries may be contractor/service records
"West Coast Well Drilling & Pump Service, Inc.",,,,Building Materials / Supplier,Supplier,"West Coast Well Drilling & Pump Service, Inc. specializes in well drilling, pump repair, pump installation, and water treatment services. Located in Spring Hill, they offer complet",Existing workbook - phone/email extracted where possible | Hold - missing public contact | Review existing row: some old entries may be contractor/service records
YR Grading Solution LLC,,939-226-9496,,Building Materials / Supplier,Supplier,"Demolition Home 796 sqft | Prive per sqft $9.36 | Total 7,459.5 | Address: 5611 Oro Valley Road, Auburndale, Florida, EE. UU. | & +1 939-226-9496 | E-mail: yrgradin",Existing workbook - phone/email extracted where possible | Ready - verified | Review existing row: some old entries may be contractor/service records
BPI Building Products Tampa Bay,bpi.build,,,Cabinet / Flooring / Building Supply,Supplier,Cabinet / Flooring / Building Supply supplier branch/candidate near Tampa Bay. Verify phone/email before account setup.,Tampa Bay | Branch candidate - verify exact phone/email | Import OK - verify before opening account | https://www.bpi.build/ | Supplier / distributor target
Adornus Cabinetry Tampa Bay,adornus.com,,,Cabinet Supply,Supplier,Cabinet Supply supplier branch/candidate near Tampa Bay. Verify phone/email before account setup.,Tampa Bay | Branch candidate - verify exact phone/email | Import OK - verify before opening account | https://adornus.com/ | Supplier / distributor target
Atlas Cabinets & Design LLC,abcabinetry.com,206-484-2530,contact@abcabinetry.com,Cabinet Supply,Supplier,"Address: 19011 68th Ave S, Suite A102, Kent, WA 98032 (United States) | Contact : 206-484-2530 | | Email: | Sales: contact@abcabinetry.com | Service: service@abcabinetry.com | | They s",Existing workbook - phone/email extracted where possible | Ready - verified | https://www.abcabinetry.com | Review existing row: some old entries may be contractor/service records
Cabinet Reface Direct,cabinetrefacedirect.com,,,Cabinet Supply,Supplier,"They are a company specialising in kitchen cabinet refacing — they provide new doors, drawer fronts and veneers for existing cabinet boxes, aiming to give kitchens a refreshed look",Existing workbook - phone/email extracted where possible | Ready - verified | https://www.cabinetrefacedirect.com/ | Review existing row: some old entries may be contractor/service records
Cabinets To Go Tampa,cabinetstogo.com,,,Cabinet Supply,Supplier,Cabinet Supply supplier branch/candidate near Tampa. Verify phone/email before account setup.,Tampa | Branch candidate - verify exact phone/email | Import OK - verify before opening account | https://cabinetstogo.com/ | Supplier / distributor target
DL Cabinetry,dlcabinetry.com,813-243-5552,tampa@dlcabinetry.com,Cabinet Supply,Supplier,"Cabinets Kitchen Manufacture 5433 W Sligh Ave. Suite 110 | Tampa, FL 33634 | (813) 243-5552 tampa@dlcabinetry.com",Existing workbook - phone/email extracted where possible | Ready - verified | https://www.dlcabinetry.com/ | Review existing row: some old entries may be contractor/service records
HAUZZI CABINETS,hauzzi.co,,,Cabinet Supply,Supplier,https://crm.justsmartchoice.com/media/huzzi cabinetes estimate.pdf,Existing workbook - phone/email extracted where possible | Ready - verified | https://hauzzi.co | Review existing row: some old entries may be contractor/service records
Home improvement store,,813-415-2548,,Cabinet Supply,Supplier,"Address: 7709 Anderson Rd, Tampa, FL 33634, USA | Mobile : (813) 415-2548 | Email : https://kitchencabinetswarehouse.com | | Often used interchangeably with Kitchen & Bath District —",Existing workbook - phone/email extracted where possible | Ready - verified | Review existing row: some old entries may be contractor/service records
Commercial Door Supply Tampa Bay,cookandboardman.com,,,Commercial Doors / Hardware,Supplier,Commercial Doors / Hardware supplier branch/candidate near Tampa Bay. Verify phone/email before account setup.,Tampa Bay | Branch candidate - verify exact phone/email | Import OK - verify before opening account | https://www.cookandboardman.com/ | Supplier / distributor target
test sub,crm.justsmartchoice.com/admin/bookmarks,727-900-3877,haroldcabrerausa@gmail.com,Concrete,Supplier,Concrete supplier or contractor resource serving Tampa Bay.,Existing workbook - phone/email extracted where possible | Ready - verified | https://crm.justsmartchoice.com/admin/bookmarks | Review existing row: some old entries may be contractor/service records
Preferred Materials Tampa Bay,preferredmaterials.com,,,Concrete / Asphalt Supply,Supplier,Concrete / Asphalt Supply supplier branch/candidate near Tampa Bay. Verify phone/email before account setup.,Tampa Bay | Branch candidate - verify exact phone/email | Import OK - verify before opening account | https://preferredmaterials.com/ | Supplier / distributor target
CEMEX Tampa Bay,cemexusa.com,,,Concrete / Cement Supply,Supplier,Concrete / Cement Supply supplier branch/candidate near Tampa Bay. Verify phone/email before account setup.,Tampa Bay | Branch candidate - verify exact phone/email | Import OK - verify before opening account | https://www.cemexusa.com/ | Supplier / distributor target
Titan America Tampa Bay,titanamerica.com,,,Concrete / Cement Supply,Supplier,Concrete / Cement Supply supplier branch/candidate near Tampa Bay. Verify phone/email before account setup.,Tampa Bay | Branch candidate - verify exact phone/email | Import OK - verify before opening account | https://www.titanamerica.com/ | Supplier / distributor target
Oldcastle Infrastructure Tampa Bay,oldcastleinfrastructure.com,,,Concrete / Drainage Supply,Supplier,Concrete / Drainage Supply supplier branch/candidate near Tampa Bay. Verify phone/email before account setup.,Tampa Bay | Branch candidate - verify exact phone/email | Import OK - verify before opening account | https://oldcastleinfrastructure.com/ | Supplier / distributor target
White Cap Tampa,whitecap.com,,,Concrete / Masonry / Tools Supply,Supplier,Concrete / Masonry / Tools Supply supplier branch/candidate near Tampa. Verify phone/email before account setup.,Tampa | Branch candidate - verify exact phone/email | Import OK - verify before opening account | https://www.whitecap.com/ | Supplier / distributor target
.,maschmeyer.com,352-622-4424,,Concrete / Masonry Supply,Supplier,Maschmeyer Concrete (Ocala) | | Sitio Web: maschmeyer.com | | Teléfono: (352) 622-4424,Existing workbook - phone/email extracted where possible | Ready - verified | https://maschmeyer.com | Review existing row: some old entries may be contractor/service records
Joe Hardis,,352-262-3995,,Concrete / Masonry Supply,Supplier,"$170 x 7 = 1,190 mixed concrete drive way Awilda, Contact info (352) 262-3995",Existing workbook - phone/email extracted where possible | Ready - verified | Review existing row: some old entries may be contractor/service records
Lou Mac Enterprises (Concrete / Structural Approval),n.a,,,Concrete / Masonry Supply,Supplier,"Company: Lou Mac Enterprises Inc. | Website: N/A | Phone: | Location: Miami-Dade County, Florida | | 🏗 Description: | Provides: | Structural components / inspections | Miami-Dade product",Existing workbook - phone/email extracted where possible | Ready - verified | https://n.A | Review existing row: some old entries may be contractor/service records
Orlando Concrete & Driveway,,,,Concrete / Masonry Supply,Supplier,Less than 2 Sq. Feet - Value: 7.50 per sq. ft. | More than 2-3 sq. ft. - Value: 7.00 per sq. ft. | More than 3-5 sq. ft - Value 6.00 per sq. ft. | Extra charges may apply based on the,Existing workbook - phone/email extracted where possible | Hold - missing public contact | Review existing row: some old entries may be contractor/service records
Preferred Materials Inc,preferredmaterials.com,727-376-8942,,Concrete / Masonry Supply,Supplier,"11913 FL-54, Odessa, FL 33556, United States | Phone : +17273768942 | | ✔ Asphalt & Paving Materials | ✔ Ready-Mix Concrete | ✔ Concrete Blocks & Products | ✔ Building Material Supply",Existing workbook - phone/email extracted where possible | Ready - verified | https://preferredmaterials.com/ | Review existing row: some old entries may be contractor/service records
Spring Hill Concrete Co.,concretespringhill.com,727-877-3099,,Concrete / Masonry Supply,Supplier,"Services: Driveways, patios, sidewalks, slabs & foundations, stamped concrete, etc. | Phone: (727) 877-3099 | Address: 1630 Larkin Rd, Spring Hill, FL 34608",Existing workbook - phone/email extracted where possible | Ready - verified | https://concretespringhill.com/ | Review existing row: some old entries may be contractor/service records
Spring Hill Concrete Pros,springhillconcretepros.com,,,Concrete / Masonry Supply,Supplier,"Spring Hill Concrete Pros specializes in high-quality decorative concrete, patios, foundation work, and general concrete services. They provide reliable workmanship for residential",Existing workbook - phone/email extracted where possible | Ready - verified | https://springhillconcretepros.com/ | Review existing row: some old entries may be contractor/service records
🧱 Concrete Delivery (Ready-Mix / Driveway),,800-400-7887,,Concrete / Masonry Supply,Supplier,"Argos USA – Tampa Ready Mix | 📍 5609 North 50th Street, Tampa, FL 33610 | 📞 1-800-400-7887 – Ready mix concrete delivery & quotes | | Tampa Concrete Company (Contractor + Delivery)",Existing workbook - phone/email extracted where possible | Ready - verified | Review existing row: some old entries may be contractor/service records
White Cap Clearwater,whitecap.com,,,Concrete / Tools Supply,Supplier,Concrete / Tools Supply supplier branch/candidate near Clearwater. Verify phone/email before account setup.,Clearwater | Branch candidate - verify exact phone/email | Import OK - verify before opening account | https://www.whitecap.com/ | Supplier / distributor target
Coastal Construction Products Tampa,coastal-fla.com,,,Concrete / Waterproofing Supply,Supplier,Concrete / Waterproofing Supply supplier branch/candidate near Tampa Bay. Verify phone/email before account setup.,Tampa Bay | Branch candidate - verify exact phone/email | Import OK - verify before opening account | https://www.coastal-fla.com/ | Supplier / distributor target
Argos Ready Mix Tampa Bay,argos-us.com,,,Concrete Supply,Supplier,Concrete Supply supplier branch/candidate near Tampa Bay. Verify phone/email before account setup.,Tampa Bay | Branch candidate - verify exact phone/email | Import OK - verify before opening account | https://argos-us.com/ | Supplier / distributor target
Maschmeyer Concrete Tampa Bay,maschmeyer.com,,,Concrete Supply,Supplier,Concrete Supply supplier branch/candidate near Tampa Bay. Verify phone/email before account setup.,Tampa Bay | Branch candidate - verify exact phone/email | Import OK - verify before opening account | https://maschmeyer.com/ | Supplier / distributor target
Huttig Building Products Tampa Bay,woodgrain.com,,,Doors / Millwork Supply,Supplier,Doors / Millwork Supply supplier branch/candidate near Tampa Bay. Verify phone/email before account setup.,Tampa Bay | Branch candidate - verify exact phone/email | Import OK - verify before opening account | https://www.woodgrain.com/ | Supplier / distributor target
Andersen Windows Dealer Tampa Bay,andersenwindows.com,,,Doors / Windows Supply,Supplier,Doors / Windows Supply supplier branch/candidate near Tampa Bay. Verify phone/email before account setup.,Tampa Bay | Branch candidate - verify exact phone/email | Import OK - verify before opening account | https://www.andersenwindows.com/ | Supplier / distributor target
APA Closet Doors,apaclosetdoors.com,,,Doors / Windows Supply,Supplier,Custom sliding/bi-fold/room divider/closet door systems for residential & commercial clients | | Address : 91 ST AVE near VONN RD AND 91ST,Existing workbook - phone/email extracted where possible | Ready - verified | https://apaclosetdoors.com/ | Review existing row: some old entries may be contractor/service records
GlassPro Services,glassprotampa.com/contact-us,,,Doors / Windows Supply,Supplier,"Local glass supplier based in Gibsonton, FL. Provides custom glass services including showers, partitions, and window glass. Contacted for urgent 36x24 single-pane glass cut-to-siz",Existing workbook - phone/email extracted where possible | Ready - verified | https://glassprotampa.com/contact-us | Review existing row: some old entries may be contractor/service records
Jeld-Wen Dealer Tampa Bay,jeld-wen.com,,,Doors / Windows Supply,Supplier,Doors / Windows Supply supplier branch/candidate near Tampa Bay. Verify phone/email before account setup.,Tampa Bay | Branch candidate - verify exact phone/email | Import OK - verify before opening account | https://www.jeld-wen.com/ | Supplier / distributor target
MI Windows and Doors,miwd.com,717-365-3300,customerservice@miwd.com,Doors / Windows Supply,Supplier,"Company: MI Windows and Doors | | Phone: +1 717-365-3300 | Email: customerservice@miwd.com | | 650 W Market St, Gratz, PA 17030, USA | | 🏗 Description: | | Residential windows | Sliding",Existing workbook - phone/email extracted where possible | Ready - verified | https://www.miwd.com | Review existing row: some old entries may be contractor/service records
Pella Windows & Doors Tampa,pella.com,,,Doors / Windows Supply,Supplier,Doors / Windows Supply supplier branch/candidate near Tampa Bay. Verify phone/email before account setup.,Tampa Bay | Branch candidate - verify exact phone/email | Import OK - verify before opening account | https://www.pella.com/ | Supplier / distributor target
steves doors,stevesdoors.com/door-manufacturing-resources/product-catalogs,,,Doors / Windows Supply,Supplier,Internal doors and exterior doors of various models is the one we have the catalog with our name and they also have real wood design and are vinyl doors,Existing workbook - phone/email extracted where possible | Ready - verified | https://www.stevesdoors.com/door-manufacturing-resources/product-catalogs/ | Review existing row: some old entries may be contractor/service records
Tampa Glass,tampa-glass.com,727-404-8663,,Doors / Windows Supply,Supplier,"Glass maker, glass for showers, and bath glass door | 359 Douglas Rd E, St L | Oldsmar, Florida 34677 | | (727) 404-8663 | | Monday - Friday | 7am - 5pm",Existing workbook - phone/email extracted where possible | Ready - verified | https://www.tampa-glass.com/ | Review existing row: some old entries may be contractor/service records
US Door & More Inc.,doornmore.com,,,Doors / Windows Supply,Supplier,Price quotes have been received from this supplier as per our requirements. | The detailed quotation has been uploaded in the CRM under the Project/Files/Documents section in PDF fo,Existing workbook - phone/email extracted where possible | Ready - verified | https://www.doornmore.com/ | Review existing row: some old entries may be contractor/service records
Venture Tape (Flashing Tape),miwd.com,717-365-3300,customerservice@miwd.com,Doors / Windows Supply,Supplier,"Company: MI Windows and Doors | | Phone: +1 717-365-3300 | Email: customerservice@miwd.com | | 650 W Market St, Gratz, PA 17030, USA | | 🏗 Description: | | Manufacturer of: | Residential",Existing workbook - phone/email extracted where possible | Ready - verified | https://www.miwd.com/ | Review existing row: some old entries may be contractor/service records
Masonite Dealer Tampa Bay,masonite.com,,,Doors Supply,Supplier,Doors Supply supplier branch/candidate near Tampa Bay. Verify phone/email before account setup.,Tampa Bay | Branch candidate - verify exact phone/email | Import OK - verify before opening account | https://www.masonite.com/ | Supplier / distributor target
Capitol Materials Tampa,capmat.com,,,Drywall / Building Materials,Supplier,Drywall / Building Materials supplier branch/candidate near Tampa Bay. Verify phone/email before account setup.,Tampa Bay | Branch candidate - verify exact phone/email | Import OK - verify before opening account | https://www.capmat.com/ | Supplier / distributor target
Gator Gypsum Tampa,gatorgypsum.com/s/content/tampa-fl,,,Drywall / Building Materials,Supplier,"Drywall, EIFS, siding, tools and construction products.","East Adamo Drive, Tampa | Official/public source found | Ready - verified | https://gatorgypsum.com/s/content/tampa-fl | Supplier / distributor target"
ABC Supply Interiors - Tampa,abcsupplyinteriors.com/locations/tampa-fl,813-247-5402,,Drywall / Interiors Supply,Supplier,"Interior construction products formerly L&W Supply; drywall, acoustical and related materials.","2817 North 36th Street, Tampa, FL 33605 | Official/public source found | Ready - verified | https://www.abcsupplyinteriors.com/locations/tampa-fl/ | Supplier / distributor target"
Foundation Building Materials - Tampa,myfbm.com/locations/fbm-tampa-54,,,Drywall / Stucco / Insulation Supply,Supplier,"Drywall, stucco, lath, plaster, insulation and building materials.","6001 Orient Rd, Tampa, FL 33610 | Official/public source found | Ready - verified | https://myfbm.com/locations/fbm-tampa-54 | Supplier / distributor target"
CertainTeed (Drywall – Easi-Lite),certainteed.com,800-446-5284,gypsumtechnicalsupport@saint-gobain.com,Drywall / Stucco Supply,Supplier,"Company: CertainTeed Corporation (Saint-Gobain) | | Phone: +1 800-446-5284 | Email: gypsumtechnicalsupport@saint-gobain.com | | Head Office: | 20 Moores Rd, Malvern, PA 19355, USA | Flo",Existing workbook - phone/email extracted where possible | Ready - verified | https://www.certainteed.com | Review existing row: some old entries may be contractor/service records
Foundation Building Materials Lakeland,myfbm.com,,,Drywall / Stucco Supply,Supplier,Drywall / Stucco Supply supplier branch/candidate near Lakeland. Verify phone/email before account setup.,Lakeland | Branch candidate - verify exact phone/email | Import OK - verify before opening account | https://myfbm.com/ | Supplier / distributor target
Gator Gypsum Clearwater,gatorgypsum.com,,,Drywall Supply,Supplier,Drywall Supply supplier branch/candidate near Clearwater. Verify phone/email before account setup.,Clearwater | Branch candidate - verify exact phone/email | Import OK - verify before opening account | https://gatorgypsum.com/ | Supplier / distributor target
L&W Supply / ABC Supply Interiors Clearwater,abcsupplyinteriors.com,,,Drywall Supply,Supplier,Drywall Supply supplier branch/candidate near Clearwater. Verify phone/email before account setup.,Clearwater | Branch candidate - verify exact phone/email | Import OK - verify before opening account | https://www.abcsupplyinteriors.com/ | Supplier / distributor target
Batteries Plus Tampa,batteriesplus.com,,,Electrical / Battery Supply,Supplier,Electrical / Battery Supply supplier branch/candidate near Tampa Bay. Verify phone/email before account setup.,Tampa Bay | Branch candidate - verify exact phone/email | Import OK - verify before opening account | https://www.batteriesplus.com/ | Supplier / distributor target
Wesco Tampa,wesco.com,,,Electrical / Datacom Supply,Supplier,Electrical / Datacom Supply supplier branch/candidate near Tampa. Verify phone/email before account setup.,Tampa | Branch candidate - verify exact phone/email | Import OK - verify before opening account | https://www.wesco.com/ | Supplier / distributor target
Leviton Distributor - Tampa Region,leviton.com,,,Electrical / Lighting Supply,Supplier,Electrical / Lighting Supply supplier branch/candidate near Tampa Bay. Verify phone/email before account setup.,Tampa Bay | Branch candidate - verify exact phone/email | Import OK - verify before opening account | https://www.leviton.com/ | Supplier / distributor target
Border States Tampa,borderstates.com,,,Electrical Supply,Supplier,Electrical Supply supplier branch/candidate near Tampa. Verify phone/email before account setup.,Tampa | Branch candidate - verify exact phone/email | Import OK - verify before opening account | https://www.borderstates.com/ | Supplier / distributor target
CED St Petersburg,portalced.com,,,Electrical Supply,Supplier,Electrical Supply supplier branch/candidate near St. Petersburg. Verify phone/email before account setup.,St. Petersburg | Branch candidate - verify exact phone/email | Import OK - verify before opening account | https://www.portalced.com/ | Supplier / distributor target
CED Tampa,cedtampa.portalced.com,,,Electrical Supply,Supplier,Consolidated Electrical Distributors Tampa portal/store.,Tampa | Official/public source found | Ready - verified | https://cedtampa.portalced.com/ | Supplier / distributor target
City Electric Supply - Bradenton,cityelectricsupply.com,,,Electrical Supply,Supplier,Electrical Supply supplier branch/candidate near Bradenton. Verify branch phone before account setup.,Bradenton | Branch candidate - verify exact location/phone | Import OK - verify before opening account | https://www.cityelectricsupply.com/ | Supplier / distributor target
City Electric Supply - Brandon,cityelectricsupply.com,,,Electrical Supply,Supplier,Electrical Supply supplier branch/candidate near Brandon. Verify branch phone before account setup.,Brandon | Branch candidate - verify exact location/phone | Import OK - verify before opening account | https://www.cityelectricsupply.com/ | Supplier / distributor target
City Electric Supply - Carrollwood,cityelectricsupply.com,,,Electrical Supply,Supplier,Electrical Supply supplier branch/candidate near Carrollwood. Verify branch phone before account setup.,Carrollwood | Branch candidate - verify exact location/phone | Import OK - verify before opening account | https://www.cityelectricsupply.com/ | Supplier / distributor target
City Electric Supply - Dade City,cityelectricsupply.com,,,Electrical Supply,Supplier,Electrical Supply supplier branch/candidate near Dade City. Verify branch phone before account setup.,Dade City | Branch candidate - verify exact location/phone | Import OK - verify before opening account | https://www.cityelectricsupply.com/ | Supplier / distributor target
City Electric Supply - Lutz,cityelectricsupply.com,,,Electrical Supply,Supplier,Electrical Supply supplier branch/candidate near Lutz. Verify branch phone before account setup.,Lutz | Branch candidate - verify exact location/phone | Import OK - verify before opening account | https://www.cityelectricsupply.com/ | Supplier / distributor target
City Electric Supply - Palm Harbor,cityelectricsupply.com,,,Electrical Supply,Supplier,Electrical Supply supplier branch/candidate near Palm Harbor. Verify branch phone before account setup.,Palm Harbor | Branch candidate - verify exact location/phone | Import OK - verify before opening account | https://www.cityelectricsupply.com/ | Supplier / distributor target
City Electric Supply - Pinellas Park,cityelectricsupply.com,,,Electrical Supply,Supplier,Electrical Supply supplier branch/candidate near Pinellas Park. Verify branch phone before account setup.,Pinellas Park | Branch candidate - verify exact location/phone | Import OK - verify before opening account | https://www.cityelectricsupply.com/ | Supplier / distributor target
City Electric Supply - Plant City,cityelectricsupply.com,,,Electrical Supply,Supplier,Electrical Supply supplier branch/candidate near Plant City. Verify branch phone before account setup.,Plant City | Branch candidate - verify exact location/phone | Import OK - verify before opening account | https://www.cityelectricsupply.com/ | Supplier / distributor target
City Electric Supply - Riverview,cityelectricsupply.com,,,Electrical Supply,Supplier,Electrical Supply supplier branch/candidate near Riverview. Verify branch phone before account setup.,Riverview | Branch candidate - verify exact location/phone | Import OK - verify before opening account | https://www.cityelectricsupply.com/ | Supplier / distributor target
City Electric Supply - Sarasota,cityelectricsupply.com,,,Electrical Supply,Supplier,Electrical Supply supplier branch/candidate near Sarasota. Verify branch phone before account setup.,Sarasota | Branch candidate - verify exact location/phone | Import OK - verify before opening account | https://www.cityelectricsupply.com/ | Supplier / distributor target
City Electric Supply - Spring Hill,cityelectricsupply.com,,,Electrical Supply,Supplier,Electrical Supply supplier branch/candidate near Spring Hill. Verify branch phone before account setup.,Spring Hill | Branch candidate - verify exact location/phone | Import OK - verify before opening account | https://www.cityelectricsupply.com/ | Supplier / distributor target
City Electric Supply - Tarpon Springs,cityelectricsupply.com,,,Electrical Supply,Supplier,Electrical Supply supplier branch/candidate near Tarpon Springs. Verify branch phone before account setup.,Tarpon Springs | Branch candidate - verify exact location/phone | Import OK - verify before opening account | https://www.cityelectricsupply.com/ | Supplier / distributor target
City Electric Supply - Town 'n' Country,cityelectricsupply.com,,,Electrical Supply,Supplier,Electrical Supply supplier branch/candidate near Town 'n' Country. Verify branch phone before account setup.,Town 'n' Country | Branch candidate - verify exact location/phone | Import OK - verify before opening account | https://www.cityelectricsupply.com/ | Supplier / distributor target
City Electric Supply - Wesley Chapel,cityelectricsupply.com,,,Electrical Supply,Supplier,Electrical Supply supplier branch/candidate near Wesley Chapel. Verify branch phone before account setup.,Wesley Chapel | Branch candidate - verify exact location/phone | Import OK - verify before opening account | https://www.cityelectricsupply.com/ | Supplier / distributor target
City Electric Supply Clearwater,cityelectricsupply.com,,,Electrical Supply,Supplier,Electrical Supply supplier branch/candidate near Clearwater. Verify phone/email before account setup.,Clearwater | Branch candidate - verify exact phone/email | Import OK - verify before opening account | https://www.cityelectricsupply.com/ | Supplier / distributor target
City Electric Supply Lakeland,cityelectricsupply.com,,,Electrical Supply,Supplier,Electrical Supply supplier branch/candidate near Lakeland. Verify phone/email before account setup.,Lakeland | Branch candidate - verify exact phone/email | Import OK - verify before opening account | https://www.cityelectricsupply.com/ | Supplier / distributor target
City Electric Supply Largo,cityelectricsupply.com,,,Electrical Supply,Supplier,Electrical Supply supplier branch/candidate near Largo. Verify phone/email before account setup.,Largo | Branch candidate - verify exact phone/email | Import OK - verify before opening account | https://www.cityelectricsupply.com/ | Supplier / distributor target
City Electric Supply New Port Richey,cityelectricsupply.com,,,Electrical Supply,Supplier,Electrical Supply supplier branch/candidate near New Port Richey. Verify phone/email before account setup.,New Port Richey | Branch candidate - verify exact phone/email | Import OK - verify before opening account | https://www.cityelectricsupply.com/ | Supplier / distributor target
City Electric Supply Port Richey,cityelectricsupply.com,,,Electrical Supply,Supplier,Electrical Supply supplier branch/candidate near Port Richey. Verify phone/email before account setup.,Port Richey | Branch candidate - verify exact phone/email | Import OK - verify before opening account | https://www.cityelectricsupply.com/ | Supplier / distributor target
City Electric Supply St Petersburg,cityelectricsupply.com,,,Electrical Supply,Supplier,Electrical Supply supplier branch/candidate near St. Petersburg. Verify phone/email before account setup.,St. Petersburg | Branch candidate - verify exact phone/email | Import OK - verify before opening account | https://www.cityelectricsupply.com/ | Supplier / distributor target
City Electric Supply Tampa,cityelectricsupply.com,,,Electrical Supply,Supplier,Electrical Supply supplier branch/candidate near Tampa. Verify phone/email before account setup.,Tampa | Branch candidate - verify exact phone/email | Import OK - verify before opening account | https://www.cityelectricsupply.com/ | Supplier / distributor target
City Electric Supply Tampa Central,cityelectricsupply.com/branches/fl/tampa/tampa-central,,,Electrical Supply,Supplier,Wholesale electrical supplies and branch service.,"7404 N Florida Ave, Tampa, FL 33604 | Official/public source found | Ready - verified | https://www.cityelectricsupply.com/branches/fl/tampa/tampa-central | Supplier / distributor target"
Consolidated Electrical Distributors Brandon,portalced.com,,,Electrical Supply,Supplier,Electrical Supply supplier branch/candidate near Brandon. Verify phone/email before account setup.,Brandon | Branch candidate - verify exact phone/email | Import OK - verify before opening account | https://www.portalced.com/ | Supplier / distributor target
Crescent Electric Supply Tampa,cesco.com,,,Electrical Supply,Supplier,Electrical Supply supplier branch/candidate near Tampa Bay. Verify phone/email before account setup.,Tampa Bay | Branch candidate - verify exact phone/email | Import OK - verify before opening account | https://www.cesco.com/ | Supplier / distributor target
Electrical Distributors Inc. Tampa,edi-fl.com,,,Electrical Supply,Supplier,Electrical Supply supplier branch/candidate near Tampa Bay. Verify phone/email before account setup.,Tampa Bay | Branch candidate - verify exact phone/email | Import OK - verify before opening account | https://www.edi-fl.com/ | Supplier / distributor target
Graybar Clearwater / Pinellas,graybar.com,,,Electrical Supply,Supplier,Electrical Supply supplier branch/candidate near Pinellas. Verify phone/email before account setup.,Pinellas | Branch candidate - verify exact phone/email | Import OK - verify before opening account | https://www.graybar.com/ | Supplier / distributor target
Graybar Electric - Tampa,graybar.com/store/tcfl/fl/tampa-counter,813-253-8881,,Electrical Supply,Supplier,"Electrical, datacom, communications and industrial equipment distributor.","4010 W Osborne Ave, Tampa, FL 33614 | Official/public source found | Ready - verified | https://www.graybar.com/store/tcfl/fl/tampa-counter | Supplier / distributor target"
Mayer Electric Tampa,mayerelectric.com,,,Electrical Supply,Supplier,Electrical Supply supplier branch/candidate near Tampa Bay. Verify phone/email before account setup.,Tampa Bay | Branch candidate - verify exact phone/email | Import OK - verify before opening account | https://www.mayerelectric.com/ | Supplier / distributor target
Rexel Lakeland,rexelusa.com/locations/fl/lakeland/1143,,,Electrical Supply,Supplier,Electrical Supply supplier branch/candidate near Lakeland. Verify phone/email before account setup.,Lakeland | Branch candidate - verify exact phone/email | Import OK - verify before opening account | https://www.rexelusa.com/locations/fl/lakeland/1143 | Supplier / distributor target
Rexel Pinellas Park,rexelusa.com/locations/fl/pinellas-park/1121,,,Electrical Supply,Supplier,Electrical Supply supplier branch/candidate near Pinellas Park. Verify phone/email before account setup.,Pinellas Park | Branch candidate - verify exact phone/email | Import OK - verify before opening account | https://www.rexelusa.com/locations/fl/pinellas-park/1121 | Supplier / distributor target
Rexel Sarasota,rexelusa.com,,,Electrical Supply,Supplier,Electrical Supply supplier branch/candidate near Sarasota. Verify phone/email before account setup.,Sarasota | Branch candidate - verify exact phone/email | Import OK - verify before opening account | https://www.rexelusa.com/ | Supplier / distributor target
Rexel Tampa,rexelusa.com/locations/fl/tampa/1583,,,Electrical Supply,Supplier,"Wholesale electrical, industrial, lighting, tools, control and automation products.",Tampa | Official/public source found | Ready - verified | https://www.rexelusa.com/locations/fl/tampa/1583 | Supplier / distributor target
Wholesale Electric Caribe Tampa,wecgroup.com,,,Electrical Supply,Supplier,Electrical Supply supplier branch/candidate near Tampa Bay. Verify phone/email before account setup.,Tampa Bay | Branch candidate - verify exact phone/email | Import OK - verify before opening account | https://www.wecgroup.com/ | Supplier / distributor target
World Electric Supply Tampa,worldelectricsupply.com,,,Electrical Supply,Supplier,Electrical Supply supplier branch/candidate near Tampa. Verify phone/email before account setup.,Tampa | Branch candidate - verify exact phone/email | Import OK - verify before opening account | https://www.worldelectricsupply.com/ | Supplier / distributor target
HD Supply Facilities Maintenance Tampa,hdsupplysolutions.com,,,Facilities / Maintenance Supply,Supplier,Facilities / Maintenance Supply supplier branch/candidate near Tampa Bay. Verify phone/email before account setup.,Tampa Bay | Branch candidate - verify exact phone/email | Import OK - verify before opening account | https://hdsupplysolutions.com/ | Supplier / distributor target
Tractor Supply Co. Tampa Bay,tractorsupply.com,,,Farm / Fence / Tools Supply,Supplier,Farm / Fence / Tools Supply supplier branch/candidate near Tampa Bay. Verify phone/email before account setup.,Tampa Bay | Branch candidate - verify exact phone/email | Import OK - verify before opening account | https://www.tractorsupply.com/ | Supplier / distributor target
Fastenal - Bradenton,fastenal.com,,,Fasteners / Tools Supply,Supplier,Fasteners / Tools Supply supplier branch/candidate near Bradenton. Verify branch phone before account setup.,Bradenton | Branch candidate - verify exact location/phone | Import OK - verify before opening account | https://www.fastenal.com/ | Supplier / distributor target
Fastenal - Brandon,fastenal.com,,,Fasteners / Tools Supply,Supplier,Fasteners / Tools Supply supplier branch/candidate near Brandon. Verify branch phone before account setup.,Brandon | Branch candidate - verify exact location/phone | Import OK - verify before opening account | https://www.fastenal.com/ | Supplier / distributor target
Fastenal - Carrollwood,fastenal.com,,,Fasteners / Tools Supply,Supplier,Fasteners / Tools Supply supplier branch/candidate near Carrollwood. Verify branch phone before account setup.,Carrollwood | Branch candidate - verify exact location/phone | Import OK - verify before opening account | https://www.fastenal.com/ | Supplier / distributor target
Fastenal - Clearwater,fastenal.com,,,Fasteners / Tools Supply,Supplier,Fasteners / Tools Supply supplier branch/candidate near Clearwater. Verify branch phone before account setup.,Clearwater | Branch candidate - verify exact location/phone | Import OK - verify before opening account | https://www.fastenal.com/ | Supplier / distributor target
Fastenal - Dade City,fastenal.com,,,Fasteners / Tools Supply,Supplier,Fasteners / Tools Supply supplier branch/candidate near Dade City. Verify branch phone before account setup.,Dade City | Branch candidate - verify exact location/phone | Import OK - verify before opening account | https://www.fastenal.com/ | Supplier / distributor target
Fastenal - Lakeland,fastenal.com,,,Fasteners / Tools Supply,Supplier,Fasteners / Tools Supply supplier branch/candidate near Lakeland. Verify branch phone before account setup.,Lakeland | Branch candidate - verify exact location/phone | Import OK - verify before opening account | https://www.fastenal.com/ | Supplier / distributor target
Fastenal - Largo,fastenal.com,,,Fasteners / Tools Supply,Supplier,Fasteners / Tools Supply supplier branch/candidate near Largo. Verify branch phone before account setup.,Largo | Branch candidate - verify exact location/phone | Import OK - verify before opening account | https://www.fastenal.com/ | Supplier / distributor target
Fastenal - Lutz,fastenal.com,,,Fasteners / Tools Supply,Supplier,Fasteners / Tools Supply supplier branch/candidate near Lutz. Verify branch phone before account setup.,Lutz | Branch candidate - verify exact location/phone | Import OK - verify before opening account | https://www.fastenal.com/ | Supplier / distributor target
Fastenal - New Port Richey,fastenal.com,,,Fasteners / Tools Supply,Supplier,Fasteners / Tools Supply supplier branch/candidate near New Port Richey. Verify branch phone before account setup.,New Port Richey | Branch candidate - verify exact location/phone | Import OK - verify before opening account | https://www.fastenal.com/ | Supplier / distributor target
Fastenal - Palm Harbor,fastenal.com,,,Fasteners / Tools Supply,Supplier,Fasteners / Tools Supply supplier branch/candidate near Palm Harbor. Verify branch phone before account setup.,Palm Harbor | Branch candidate - verify exact location/phone | Import OK - verify before opening account | https://www.fastenal.com/ | Supplier / distributor target
Fastenal - Pinellas Park,fastenal.com,,,Fasteners / Tools Supply,Supplier,Fasteners / Tools Supply supplier branch/candidate near Pinellas Park. Verify branch phone before account setup.,Pinellas Park | Branch candidate - verify exact location/phone | Import OK - verify before opening account | https://www.fastenal.com/ | Supplier / distributor target
Fastenal - Plant City,fastenal.com,,,Fasteners / Tools Supply,Supplier,Fasteners / Tools Supply supplier branch/candidate near Plant City. Verify branch phone before account setup.,Plant City | Branch candidate - verify exact location/phone | Import OK - verify before opening account | https://www.fastenal.com/ | Supplier / distributor target
Fastenal - Riverview,fastenal.com,,,Fasteners / Tools Supply,Supplier,Fasteners / Tools Supply supplier branch/candidate near Riverview. Verify branch phone before account setup.,Riverview | Branch candidate - verify exact location/phone | Import OK - verify before opening account | https://www.fastenal.com/ | Supplier / distributor target
Fastenal - Sarasota,fastenal.com,,,Fasteners / Tools Supply,Supplier,Fasteners / Tools Supply supplier branch/candidate near Sarasota. Verify branch phone before account setup.,Sarasota | Branch candidate - verify exact location/phone | Import OK - verify before opening account | https://www.fastenal.com/ | Supplier / distributor target
Fastenal - Spring Hill,fastenal.com,,,Fasteners / Tools Supply,Supplier,Fasteners / Tools Supply supplier branch/candidate near Spring Hill. Verify branch phone before account setup.,Spring Hill | Branch candidate - verify exact location/phone | Import OK - verify before opening account | https://www.fastenal.com/ | Supplier / distributor target
Fastenal - St. Petersburg,fastenal.com,,,Fasteners / Tools Supply,Supplier,Fasteners / Tools Supply supplier branch/candidate near St. Petersburg. Verify branch phone before account setup.,St. Petersburg | Branch candidate - verify exact location/phone | Import OK - verify before opening account | https://www.fastenal.com/ | Supplier / distributor target
Fastenal - Tarpon Springs,fastenal.com,,,Fasteners / Tools Supply,Supplier,Fasteners / Tools Supply supplier branch/candidate near Tarpon Springs. Verify branch phone before account setup.,Tarpon Springs | Branch candidate - verify exact location/phone | Import OK - verify before opening account | https://www.fastenal.com/ | Supplier / distributor target
Fastenal - Town 'n' Country,fastenal.com,,,Fasteners / Tools Supply,Supplier,Fasteners / Tools Supply supplier branch/candidate near Town 'n' Country. Verify branch phone before account setup.,Town 'n' Country | Branch candidate - verify exact location/phone | Import OK - verify before opening account | https://www.fastenal.com/ | Supplier / distributor target
Fastenal - Wesley Chapel,fastenal.com,,,Fasteners / Tools Supply,Supplier,Fasteners / Tools Supply supplier branch/candidate near Wesley Chapel. Verify branch phone before account setup.,Wesley Chapel | Branch candidate - verify exact location/phone | Import OK - verify before opening account | https://www.fastenal.com/ | Supplier / distributor target
Fastenal Tampa,fastenal.com,,,Fasteners / Tools Supply,Supplier,Fasteners / Tools Supply supplier branch/candidate near Tampa. Verify phone/email before account setup.,Tampa | Branch candidate - verify exact phone/email | Import OK - verify before opening account | https://www.fastenal.com/ | Supplier / distributor target
Fence Outlet Tampa Bay,fenceoutlet.com,,,Fence Material Supply,Supplier,Fence Material Supply supplier branch/candidate near Tampa Bay. Verify phone/email before account setup.,Tampa Bay | Branch candidate - verify exact phone/email | Import OK - verify before opening account | https://www.fenceoutlet.com/ | Supplier / distributor target
Floor & Decor - Bradenton,flooranddecor.com,,,Flooring / Tile Supply,Supplier,Flooring / Tile Supply supplier branch/candidate near Bradenton. Verify branch phone before account setup.,Bradenton | Branch candidate - verify exact location/phone | Import OK - verify before opening account | https://www.flooranddecor.com/ | Supplier / distributor target
Floor & Decor - Carrollwood,flooranddecor.com,,,Flooring / Tile Supply,Supplier,Flooring / Tile Supply supplier branch/candidate near Carrollwood. Verify branch phone before account setup.,Carrollwood | Branch candidate - verify exact location/phone | Import OK - verify before opening account | https://www.flooranddecor.com/ | Supplier / distributor target
Floor & Decor - Dade City,flooranddecor.com,,,Flooring / Tile Supply,Supplier,Flooring / Tile Supply supplier branch/candidate near Dade City. Verify branch phone before account setup.,Dade City | Branch candidate - verify exact location/phone | Import OK - verify before opening account | https://www.flooranddecor.com/ | Supplier / distributor target
Floor & Decor - Lakeland,flooranddecor.com,,,Flooring / Tile Supply,Supplier,Flooring / Tile Supply supplier branch/candidate near Lakeland. Verify branch phone before account setup.,Lakeland | Branch candidate - verify exact location/phone | Import OK - verify before opening account | https://www.flooranddecor.com/ | Supplier / distributor target
Floor & Decor - Largo,flooranddecor.com,,,Flooring / Tile Supply,Supplier,Flooring / Tile Supply supplier branch/candidate near Largo. Verify branch phone before account setup.,Largo | Branch candidate - verify exact location/phone | Import OK - verify before opening account | https://www.flooranddecor.com/ | Supplier / distributor target
Floor & Decor - Lutz,flooranddecor.com,,,Flooring / Tile Supply,Supplier,Flooring / Tile Supply supplier branch/candidate near Lutz. Verify branch phone before account setup.,Lutz | Branch candidate - verify exact location/phone | Import OK - verify before opening account | https://www.flooranddecor.com/ | Supplier / distributor target
Floor & Decor - New Port Richey,flooranddecor.com,,,Flooring / Tile Supply,Supplier,Flooring / Tile Supply supplier branch/candidate near New Port Richey. Verify branch phone before account setup.,New Port Richey | Branch candidate - verify exact location/phone | Import OK - verify before opening account | https://www.flooranddecor.com/ | Supplier / distributor target
Floor & Decor - Palm Harbor,flooranddecor.com,,,Flooring / Tile Supply,Supplier,Flooring / Tile Supply supplier branch/candidate near Palm Harbor. Verify branch phone before account setup.,Palm Harbor | Branch candidate - verify exact location/phone | Import OK - verify before opening account | https://www.flooranddecor.com/ | Supplier / distributor target
Floor & Decor - Pinellas Park,flooranddecor.com,,,Flooring / Tile Supply,Supplier,Flooring / Tile Supply supplier branch/candidate near Pinellas Park. Verify branch phone before account setup.,Pinellas Park | Branch candidate - verify exact location/phone | Import OK - verify before opening account | https://www.flooranddecor.com/ | Supplier / distributor target
Floor & Decor - Plant City,flooranddecor.com,,,Flooring / Tile Supply,Supplier,Flooring / Tile Supply supplier branch/candidate near Plant City. Verify branch phone before account setup.,Plant City | Branch candidate - verify exact location/phone | Import OK - verify before opening account | https://www.flooranddecor.com/ | Supplier / distributor target
Floor & Decor - Riverview,flooranddecor.com,,,Flooring / Tile Supply,Supplier,Flooring / Tile Supply supplier branch/candidate near Riverview. Verify branch phone before account setup.,Riverview | Branch candidate - verify exact location/phone | Import OK - verify before opening account | https://www.flooranddecor.com/ | Supplier / distributor target
Floor & Decor - Sarasota,flooranddecor.com,,,Flooring / Tile Supply,Supplier,Flooring / Tile Supply supplier branch/candidate near Sarasota. Verify branch phone before account setup.,Sarasota | Branch candidate - verify exact location/phone | Import OK - verify before opening account | https://www.flooranddecor.com/ | Supplier / distributor target
Floor & Decor - Spring Hill,flooranddecor.com,,,Flooring / Tile Supply,Supplier,Flooring / Tile Supply supplier branch/candidate near Spring Hill. Verify branch phone before account setup.,Spring Hill | Branch candidate - verify exact location/phone | Import OK - verify before opening account | https://www.flooranddecor.com/ | Supplier / distributor target
Floor & Decor - St. Petersburg,flooranddecor.com,,,Flooring / Tile Supply,Supplier,Flooring / Tile Supply supplier branch/candidate near St. Petersburg. Verify branch phone before account setup.,St. Petersburg | Branch candidate - verify exact location/phone | Import OK - verify before opening account | https://www.flooranddecor.com/ | Supplier / distributor target
Floor & Decor - Tarpon Springs,flooranddecor.com,,,Flooring / Tile Supply,Supplier,Flooring / Tile Supply supplier branch/candidate near Tarpon Springs. Verify branch phone before account setup.,Tarpon Springs | Branch candidate - verify exact location/phone | Import OK - verify before opening account | https://www.flooranddecor.com/ | Supplier / distributor target
Floor & Decor - Town 'n' Country,flooranddecor.com,,,Flooring / Tile Supply,Supplier,Flooring / Tile Supply supplier branch/candidate near Town 'n' Country. Verify branch phone before account setup.,Town 'n' Country | Branch candidate - verify exact location/phone | Import OK - verify before opening account | https://www.flooranddecor.com/ | Supplier / distributor target
Floor & Decor - Wesley Chapel,flooranddecor.com,,,Flooring / Tile Supply,Supplier,Flooring / Tile Supply supplier branch/candidate near Wesley Chapel. Verify branch phone before account setup.,Wesley Chapel | Branch candidate - verify exact location/phone | Import OK - verify before opening account | https://www.flooranddecor.com/ | Supplier / distributor target
Floor & Decor Brandon,flooranddecor.com,,,Flooring / Tile Supply,Supplier,Flooring / Tile Supply supplier branch/candidate near Brandon. Verify phone/email before account setup.,Brandon | Branch candidate - verify exact phone/email | Import OK - verify before opening account | https://www.flooranddecor.com/ | Supplier / distributor target
Floor & Decor Clearwater,flooranddecor.com,,,Flooring / Tile Supply,Supplier,Flooring / Tile Supply supplier branch/candidate near Clearwater. Verify phone/email before account setup.,Clearwater | Branch candidate - verify exact phone/email | Import OK - verify before opening account | https://www.flooranddecor.com/ | Supplier / distributor target
Floor & Decor Tampa,flooranddecor.com,,,Flooring / Tile Supply,Supplier,Flooring / Tile Supply supplier branch/candidate near Tampa. Verify phone/email before account setup.,Tampa | Branch candidate - verify exact phone/email | Import OK - verify before opening account | https://www.flooranddecor.com/ | Supplier / distributor target
ProSource Wholesale Clearwater,prosourcewholesale.com,,,Flooring / Tile Supply,Supplier,Flooring / Tile Supply supplier branch/candidate near Clearwater. Verify phone/email before account setup.,Clearwater | Branch candidate - verify exact phone/email | Import OK - verify before opening account | https://www.prosourcewholesale.com/ | Supplier / distributor target
ProSource Wholesale Tampa,prosourcewholesale.com,,,Flooring / Tile Supply,Supplier,Flooring / Tile Supply supplier branch/candidate near Tampa. Verify phone/email before account setup.,Tampa | Branch candidate - verify exact phone/email | Import OK - verify before opening account | https://www.prosourcewholesale.com/ | Supplier / distributor target
Dave's Carpentry Services,,,,Flooring Supply,Supplier,"David is a subcontractor specializing in carpentry. Services include: Windows, doors, trim, base framing, demolition, LVP flooring, cabinets, and punch list work. | Phone: (727) 236",Existing workbook - phone/email extracted where possible | Hold - missing public contact | Review existing row: some old entries may be contractor/service records
Lili Delgado whole sale cabinets,,863-937-4618,lilidadelvallejo@gmail.com,Flooring Supply,Supplier,"‪(863) 937-4618‬ | lilidadelvallejo@gmail.com | | they also sale flooring En cuanto al piso, te adjunto una foto de lo que ofrecemos. | Los precios son como sigue: | 12mm-$1.99 sqft",Existing workbook - phone/email extracted where possible | Ready - verified | Review existing row: some old entries may be contractor/service records
LL Flooring Tampa,llflooring.com,,,Flooring Supply,Supplier,Flooring Supply supplier branch/candidate near Tampa. Verify phone/email before account setup.,Tampa | Branch candidate - verify exact phone/email | Import OK - verify before opening account | https://www.llflooring.com/ | Supplier / distributor target
Sam’s Flooring,,813-417-2023,,Flooring Supply,Supplier,Phone: (813) 417-2023 | | Services: Installation of vinyl / LVP (luxury vinyl plank) flooring for new construction. | | installs floors for $1.50,Existing workbook - phone/email extracted where possible | Ready - verified | Review existing row: some old entries may be contractor/service records
Shaw Floors Dealer Tampa Bay,shawfloors.com,,,Flooring Supply,Supplier,Flooring Supply supplier branch/candidate near Tampa Bay. Verify phone/email before account setup.,Tampa Bay | Branch candidate - verify exact phone/email | Import OK - verify before opening account | https://shawfloors.com/ | Supplier / distributor target
UNILIN (UNICLIC Flooring System),unilin.com,706-532-7000,info@unilin.com,Flooring Supply,Supplier,"📌 Company: Unilin (Mohawk Industries Group) | | | Phone: +1 706-532-7000 (Mohawk US HQ) | Email: info@unilin.com | 160 S Industrial Blvd, Calhoun, GA 30701, USA | | 🏗 Description: | Man",Existing workbook - phone/email extracted where possible | Ready - verified | https://www.unilin.com | Review existing row: some old entries may be contractor/service records
Wayne Wiles Floor Coverings Tampa Bay,waynewiles.com,,,Flooring Supply,Supplier,Flooring Supply supplier branch/candidate near Tampa Bay. Verify phone/email before account setup.,Tampa Bay | Branch candidate - verify exact phone/email | Import OK - verify before opening account | https://www.waynewiles.com/ | Supplier / distributor target
Home Depot Pro - Bradenton,homedepot.com,,,General Building Materials,Supplier,General Building Materials supplier branch/candidate near Bradenton. Verify branch phone before account setup.,Bradenton | Branch candidate - verify exact location/phone | Import OK - verify before opening account | https://www.homedepot.com/ | Supplier / distributor target
Home Depot Pro - Brandon,homedepot.com,,,General Building Materials,Supplier,General Building Materials supplier branch/candidate near Brandon. Verify branch phone before account setup.,Brandon | Branch candidate - verify exact location/phone | Import OK - verify before opening account | https://www.homedepot.com/ | Supplier / distributor target
Home Depot Pro - Carrollwood,homedepot.com,,,General Building Materials,Supplier,General Building Materials supplier branch/candidate near Carrollwood. Verify branch phone before account setup.,Carrollwood | Branch candidate - verify exact location/phone | Import OK - verify before opening account | https://www.homedepot.com/ | Supplier / distributor target
Home Depot Pro - Clearwater,homedepot.com,,,General Building Materials,Supplier,General Building Materials supplier branch/candidate near Clearwater. Verify branch phone before account setup.,Clearwater | Branch candidate - verify exact location/phone | Import OK - verify before opening account | https://www.homedepot.com/ | Supplier / distributor target
Home Depot Pro - Dade City,homedepot.com,,,General Building Materials,Supplier,General Building Materials supplier branch/candidate near Dade City. Verify branch phone before account setup.,Dade City | Branch candidate - verify exact location/phone | Import OK - verify before opening account | https://www.homedepot.com/ | Supplier / distributor target
Home Depot Pro - Lakeland,homedepot.com,,,General Building Materials,Supplier,General Building Materials supplier branch/candidate near Lakeland. Verify branch phone before account setup.,Lakeland | Branch candidate - verify exact location/phone | Import OK - verify before opening account | https://www.homedepot.com/ | Supplier / distributor target
Home Depot Pro - Largo,homedepot.com,,,General Building Materials,Supplier,General Building Materials supplier branch/candidate near Largo. Verify branch phone before account setup.,Largo | Branch candidate - verify exact location/phone | Import OK - verify before opening account | https://www.homedepot.com/ | Supplier / distributor target
Home Depot Pro - Lutz,homedepot.com,,,General Building Materials,Supplier,General Building Materials supplier branch/candidate near Lutz. Verify branch phone before account setup.,Lutz | Branch candidate - verify exact location/phone | Import OK - verify before opening account | https://www.homedepot.com/ | Supplier / distributor target
Home Depot Pro - New Port Richey,homedepot.com,,,General Building Materials,Supplier,General Building Materials supplier branch/candidate near New Port Richey. Verify branch phone before account setup.,New Port Richey | Branch candidate - verify exact location/phone | Import OK - verify before opening account | https://www.homedepot.com/ | Supplier / distributor target
Home Depot Pro - Palm Harbor,homedepot.com,,,General Building Materials,Supplier,General Building Materials supplier branch/candidate near Palm Harbor. Verify branch phone before account setup.,Palm Harbor | Branch candidate - verify exact location/phone | Import OK - verify before opening account | https://www.homedepot.com/ | Supplier / distributor target
Home Depot Pro - Pinellas Park,homedepot.com,,,General Building Materials,Supplier,General Building Materials supplier branch/candidate near Pinellas Park. Verify branch phone before account setup.,Pinellas Park | Branch candidate - verify exact location/phone | Import OK - verify before opening account | https://www.homedepot.com/ | Supplier / distributor target
Home Depot Pro - Plant City,homedepot.com,,,General Building Materials,Supplier,General Building Materials supplier branch/candidate near Plant City. Verify branch phone before account setup.,Plant City | Branch candidate - verify exact location/phone | Import OK - verify before opening account | https://www.homedepot.com/ | Supplier / distributor target
Home Depot Pro - Riverview,homedepot.com,,,General Building Materials,Supplier,General Building Materials supplier branch/candidate near Riverview. Verify branch phone before account setup.,Riverview | Branch candidate - verify exact location/phone | Import OK - verify before opening account | https://www.homedepot.com/ | Supplier / distributor target
Home Depot Pro - Sarasota,homedepot.com,,,General Building Materials,Supplier,General Building Materials supplier branch/candidate near Sarasota. Verify branch phone before account setup.,Sarasota | Branch candidate - verify exact location/phone | Import OK - verify before opening account | https://www.homedepot.com/ | Supplier / distributor target
Home Depot Pro - Spring Hill,homedepot.com,,,General Building Materials,Supplier,General Building Materials supplier branch/candidate near Spring Hill. Verify branch phone before account setup.,Spring Hill | Branch candidate - verify exact location/phone | Import OK - verify before opening account | https://www.homedepot.com/ | Supplier / distributor target
Home Depot Pro - St. Petersburg,homedepot.com,,,General Building Materials,Supplier,General Building Materials supplier branch/candidate near St. Petersburg. Verify branch phone before account setup.,St. Petersburg | Branch candidate - verify exact location/phone | Import OK - verify before opening account | https://www.homedepot.com/ | Supplier / distributor target
Home Depot Pro - Tampa,homedepot.com,,,General Building Materials,Supplier,General Building Materials supplier branch/candidate near Tampa. Verify branch phone before account setup.,Tampa | Branch candidate - verify exact location/phone | Import OK - verify before opening account | https://www.homedepot.com/ | Supplier / distributor target
Home Depot Pro - Tarpon Springs,homedepot.com,,,General Building Materials,Supplier,General Building Materials supplier branch/candidate near Tarpon Springs. Verify branch phone before account setup.,Tarpon Springs | Branch candidate - verify exact location/phone | Import OK - verify before opening account | https://www.homedepot.com/ | Supplier / distributor target
Home Depot Pro - Town 'n' Country,homedepot.com,,,General Building Materials,Supplier,General Building Materials supplier branch/candidate near Town 'n' Country. Verify branch phone before account setup.,Town 'n' Country | Branch candidate - verify exact location/phone | Import OK - verify before opening account | https://www.homedepot.com/ | Supplier / distributor target
Home Depot Pro - Wesley Chapel,homedepot.com,,,General Building Materials,Supplier,General Building Materials supplier branch/candidate near Wesley Chapel. Verify branch phone before account setup.,Wesley Chapel | Branch candidate - verify exact location/phone | Import OK - verify before opening account | https://www.homedepot.com/ | Supplier / distributor target
Lowe's Pro Supply - Bradenton,lowes.com,,,General Building Materials,Supplier,General Building Materials supplier branch/candidate near Bradenton. Verify branch phone before account setup.,Bradenton | Branch candidate - verify exact location/phone | Import OK - verify before opening account | https://www.lowes.com/ | Supplier / distributor target
Lowe's Pro Supply - Brandon,lowes.com,,,General Building Materials,Supplier,General Building Materials supplier branch/candidate near Brandon. Verify branch phone before account setup.,Brandon | Branch candidate - verify exact location/phone | Import OK - verify before opening account | https://www.lowes.com/ | Supplier / distributor target
Lowe's Pro Supply - Carrollwood,lowes.com,,,General Building Materials,Supplier,General Building Materials supplier branch/candidate near Carrollwood. Verify branch phone before account setup.,Carrollwood | Branch candidate - verify exact location/phone | Import OK - verify before opening account | https://www.lowes.com/ | Supplier / distributor target
Lowe's Pro Supply - Clearwater,lowes.com,,,General Building Materials,Supplier,General Building Materials supplier branch/candidate near Clearwater. Verify branch phone before account setup.,Clearwater | Branch candidate - verify exact location/phone | Import OK - verify before opening account | https://www.lowes.com/ | Supplier / distributor target
Lowe's Pro Supply - Dade City,lowes.com,,,General Building Materials,Supplier,General Building Materials supplier branch/candidate near Dade City. Verify branch phone before account setup.,Dade City | Branch candidate - verify exact location/phone | Import OK - verify before opening account | https://www.lowes.com/ | Supplier / distributor target
Lowe's Pro Supply - Lakeland,lowes.com,,,General Building Materials,Supplier,General Building Materials supplier branch/candidate near Lakeland. Verify branch phone before account setup.,Lakeland | Branch candidate - verify exact location/phone | Import OK - verify before opening account | https://www.lowes.com/ | Supplier / distributor target
Lowe's Pro Supply - Largo,lowes.com,,,General Building Materials,Supplier,General Building Materials supplier branch/candidate near Largo. Verify branch phone before account setup.,Largo | Branch candidate - verify exact location/phone | Import OK - verify before opening account | https://www.lowes.com/ | Supplier / distributor target
Lowe's Pro Supply - Lutz,lowes.com,,,General Building Materials,Supplier,General Building Materials supplier branch/candidate near Lutz. Verify branch phone before account setup.,Lutz | Branch candidate - verify exact location/phone | Import OK - verify before opening account | https://www.lowes.com/ | Supplier / distributor target
Lowe's Pro Supply - New Port Richey,lowes.com,,,General Building Materials,Supplier,General Building Materials supplier branch/candidate near New Port Richey. Verify branch phone before account setup.,New Port Richey | Branch candidate - verify exact location/phone | Import OK - verify before opening account | https://www.lowes.com/ | Supplier / distributor target
Lowe's Pro Supply - Palm Harbor,lowes.com,,,General Building Materials,Supplier,General Building Materials supplier branch/candidate near Palm Harbor. Verify branch phone before account setup.,Palm Harbor | Branch candidate - verify exact location/phone | Import OK - verify before opening account | https://www.lowes.com/ | Supplier / distributor target
Lowe's Pro Supply - Pinellas Park,lowes.com,,,General Building Materials,Supplier,General Building Materials supplier branch/candidate near Pinellas Park. Verify branch phone before account setup.,Pinellas Park | Branch candidate - verify exact location/phone | Import OK - verify before opening account | https://www.lowes.com/ | Supplier / distributor target
Lowe's Pro Supply - Plant City,lowes.com,,,General Building Materials,Supplier,General Building Materials supplier branch/candidate near Plant City. Verify branch phone before account setup.,Plant City | Branch candidate - verify exact location/phone | Import OK - verify before opening account | https://www.lowes.com/ | Supplier / distributor target
Lowe's Pro Supply - Riverview,lowes.com,,,General Building Materials,Supplier,General Building Materials supplier branch/candidate near Riverview. Verify branch phone before account setup.,Riverview | Branch candidate - verify exact location/phone | Import OK - verify before opening account | https://www.lowes.com/ | Supplier / distributor target
Lowe's Pro Supply - Sarasota,lowes.com,,,General Building Materials,Supplier,General Building Materials supplier branch/candidate near Sarasota. Verify branch phone before account setup.,Sarasota | Branch candidate - verify exact location/phone | Import OK - verify before opening account | https://www.lowes.com/ | Supplier / distributor target
Lowe's Pro Supply - Spring Hill,lowes.com,,,General Building Materials,Supplier,General Building Materials supplier branch/candidate near Spring Hill. Verify branch phone before account setup.,Spring Hill | Branch candidate - verify exact location/phone | Import OK - verify before opening account | https://www.lowes.com/ | Supplier / distributor target
Lowe's Pro Supply - St. Petersburg,lowes.com,,,General Building Materials,Supplier,General Building Materials supplier branch/candidate near St. Petersburg. Verify branch phone before account setup.,St. Petersburg | Branch candidate - verify exact location/phone | Import OK - verify before opening account | https://www.lowes.com/ | Supplier / distributor target
Lowe's Pro Supply - Tampa,lowes.com,,,General Building Materials,Supplier,General Building Materials supplier branch/candidate near Tampa. Verify branch phone before account setup.,Tampa | Branch candidate - verify exact location/phone | Import OK - verify before opening account | https://www.lowes.com/ | Supplier / distributor target
Lowe's Pro Supply - Tarpon Springs,lowes.com,,,General Building Materials,Supplier,General Building Materials supplier branch/candidate near Tarpon Springs. Verify branch phone before account setup.,Tarpon Springs | Branch candidate - verify exact location/phone | Import OK - verify before opening account | https://www.lowes.com/ | Supplier / distributor target
Lowe's Pro Supply - Town 'n' Country,lowes.com,,,General Building Materials,Supplier,General Building Materials supplier branch/candidate near Town 'n' Country. Verify branch phone before account setup.,Town 'n' Country | Branch candidate - verify exact location/phone | Import OK - verify before opening account | https://www.lowes.com/ | Supplier / distributor target
Lowe's Pro Supply - Wesley Chapel,lowes.com,,,General Building Materials,Supplier,General Building Materials supplier branch/candidate near Wesley Chapel. Verify branch phone before account setup.,Wesley Chapel | Branch candidate - verify exact location/phone | Import OK - verify before opening account | https://www.lowes.com/ | Supplier / distributor target
ProCity Supply - Tampa,procitysupply.com/countertop-store-tampa-fl,,,Granite / Countertop Supply,Supplier,"Quartz countertops, granite slabs, edge profiles, cutouts and building materials.",Tampa | Official/public source found | Ready - verified | https://procitysupply.com/countertop-store-tampa-fl/ | Supplier / distributor target
"Alpha Granite & Marble, LLC",granitebyalpha.com,,,Granite / Stone Supply,Supplier,"Custom fabrication and installation of granite, marble, quartz, porcelain slabs for residential and commercial projects. | | Address: 4625 118th Ave N, Clearwater, FL 33762 (Ste 201",Existing workbook - phone/email extracted where possible | Ready - verified | https://www.granitebyalpha.com | Review existing row: some old entries may be contractor/service records
Elizabeth Construction,elizabethconstruction.com,813-965-0575,,Granite / Stone Supply,Supplier,"They specialise in marble, granite, countertops and cabinet installations (luxury stone surfaces & cabinetry) in the Tampa area. | | Phone number: (813) 965-0575 & (813) 965-0560",Existing workbook - phone/email extracted where possible | Ready - verified | https://www.elizabethconstruction.com | Review existing row: some old entries may be contractor/service records
Excell Marble and Granite,excellgranite.com,,,Granite / Stone Supply,Supplier,"Granite, marble, onyx, travertine and quartzite supplier/fabricator in Tampa Bay.",Tampa Bay | Official/public source found | Ready - verified | https://excellgranite.com/ | Supplier / distributor target
GRANITE FABRICATOR,,813-900-5345,,Granite / Stone Supply,Supplier,"Contact : +1 813-900-5345 | | Address: | 4507 W Hillsborough Ave, Tampa, FL 33614 | | Business Name: | Stone King Florida (SK Stones) | | Category / Business Type: | Granite supplier (Pr",Existing workbook - phone/email extracted where possible | Ready - verified | Review existing row: some old entries may be contractor/service records
Gulf Coast Granite Fabricators,gulfcoastgranitefabricators.com,,,Granite / Stone Supply,Supplier,"Gulf Coast Granite Fabricators is a family-owned and operated stone fabrication company based in Clearwater, servicing the Tampa Bay area. They specialize in custom granite, marble",Existing workbook - phone/email extracted where possible | Ready - verified | https://www.gulfcoastgranitefabricators.com/ | Review existing row: some old entries may be contractor/service records
International Granite and Stone - Tampa,igscountertops.com/granite-countertops-tampa-bay,,,Granite / Stone Supply,Supplier,"Wholesale granite slabs, quartz, marble, travertine and quartz surfaces.",Tampa Bay | Official/public source found | Ready - verified | https://www.igscountertops.com/granite-countertops-tampa-bay/ | Supplier / distributor target
MJR Marble & Granite Inc,mjrmarblegraniteinc.com,,,Granite / Stone Supply,Supplier,"Fabrication/installation of marble and granite (and likely other natural stone) countertops, custom designs for kitchens, bathrooms, fireplaces, etc. | | Address: 960 Harbor Lake Ct",Existing workbook - phone/email extracted where possible | Ready - verified | https://mjrmarblegraniteinc.com | Review existing row: some old entries may be contractor/service records
NVC Granite,nvcgranite.com,,,Granite / Stone Supply,Supplier,"Fabrication and installation of granite, quartz & marble countertops (residential & commercial) — stone countertops and surfaces. | | Address: 4210 Grand Blvd., New Port Richey, FL",Existing workbook - phone/email extracted where possible | Ready - verified | https://nvcgranite.com | Review existing row: some old entries may be contractor/service records
NVC Granite LLC,nvcgranite.com,813-420-1477,,Granite / Stone Supply,Supplier,"Official (principal) address: 12418 Mondragon Dr, Tampa, FL 33625, USA | Phone number: +1 (813) 420-1477 | | installation of granite countertops and surfaces.",Existing workbook - phone/email extracted where possible | Ready - verified | https://nvcgranite.com | Review existing row: some old entries may be contractor/service records
Stone King Florida,stonekingflorida.com,,,Granite / Stone Supply,Supplier,"Stone slab facility with granite, quartz, quartzite, marble and related slabs.",Tampa / St Pete / Largo | Official/public source found | Ready - verified | https://www.stonekingflorida.com/ | Supplier / distributor target
The Stone Outlet of Florida,quartztopsandmore.com,,,Granite / Stone Supply,Supplier,The Stone Outlet of Florida is a Tampa-based company that fabricates and installs granite and quartz countertops at very competitive “factory-direct” prices.Showroom in Tampa: 5115,Existing workbook - phone/email extracted where possible | Ready - verified | https://www.quartztopsandmore.com/ | Review existing row: some old entries may be contractor/service records
UMI Stone Tampa,umistone.com/live-inventory/tampa,,,Granite / Stone Supply,Supplier,"Granite, marble, quartzite, travertine, limestone, porcelain and recycled glass slabs.","5108 W Hanna Ave, Tampa | Official/public source found | Ready - verified | https://umistone.com/live-inventory/tampa/ | Supplier / distributor target"
universal master construction,facebook.com/friends/suggestions,615-630-1877,,Granite / Stone Supply,Supplier,"Quartz, granite, and countertops refer to us from Phil, and did the kitchen on 3316 W Nassau Ave, Tampa, for the James project",Existing workbook - phone/email extracted where possible | Ready - verified | https://www.facebook.com/friends/suggestions/?profile_id=61563018774797 | Review existing row: some old entries may be contractor/service records
Universal Master Construction LLC,universalmasterconstructionllc.com,,,Granite / Stone Supply,Supplier,"They do residential & commercial projects — in particular custom cabinetry, marble countertop fabrication/installation, full kitchen remodel/installation services. | | https://www.f",Existing workbook - phone/email extracted where possible | Ready - verified | https://universalmasterconstructionllc.com | Review existing row: some old entries may be contractor/service records
Western Quartz LLC,westernquartzllc.com,863-712-9875,,Granite / Stone Supply,Supplier,"Address | 2324 Old Combee Road, Building 1, Unit #101, | Lakeland, FL 33805 | | contact us | Mobile: 863-712-9875 | Tel: 863-450-4843 | | Open Hours | Monday - Friday: 9:30 AM - 5:3",Existing workbook - phone/email extracted where possible | Ready - verified | https://westernquartzllc.com | Review existing row: some old entries may be contractor/service records
Builders Hardware Tampa Bay,buildershardware.com,,,Hardware Supply,Supplier,Hardware Supply supplier branch/candidate near Tampa Bay. Verify phone/email before account setup.,Tampa Bay | Branch candidate - verify exact phone/email | Import OK - verify before opening account | https://www.buildershardware.com/ | Supplier / distributor target
AC Warehouse Direct,acwarehousedirect.com,,,HVAC Supply,Supplier,"AC Warehouse Direct is a wholesale HVAC supplier based in Tampa, Florida, that offers discounted air conditioning and heating systems directly to the public. Their product range in",Existing workbook - phone/email extracted where possible | Ready - verified | https://acwarehousedirect.com/ | Review existing row: some old entries may be contractor/service records
Air Flow Designs,airflowdesigns.com,813-962-2797,,HVAC Supply,Supplier,Partner for new builds and major remodels. Provides comprehensive HVAC solutions including ventilation design and energy-efficient systems. Tampa Branch Contact: (813) 962-2797.,Existing workbook - phone/email extracted where possible | Ready - verified | https://www.airflowdesigns.com/ | Review existing row: some old entries may be contractor/service records
Airheads HVAC,,,,HVAC Supply,Supplier,"HVAC contractor providing installation and maintenance services. Note: Does not serve Ocala/Marion County. Currently available for projects in Hillsborough, Hernando, Pasco, and Pi",Existing workbook - phone/email extracted where possible | Hold - missing public contact | Review existing row: some old entries may be contractor/service records
Amazon / Venti Air,amazon.com,,,HVAC Supply,Supplier,"HVAC Premium Aluminum Return Grille. Modern Linear Bar design that matches the project reference photo. | | • Duct Opening Size: 20"" x 6"" | • Outer Dimensions: 21.875"" x 7.875"" | • M",Existing workbook - phone/email extracted where possible | Ready - verified | https://www.amazon.com | Review existing row: some old entries may be contractor/service records
Armstrong Air & Electric,armstrongairinc.com,,,HVAC Supply,Supplier,Professional HVAC subcontractor for high-volume projects. Capable of handling 20+ new homes annually. Specialized in 3-5 ton unit procurement and installation. Contact: (855) 449-2,Existing workbook - phone/email extracted where possible | Ready - verified | https://www.armstrongairinc.com/ | Review existing row: some old entries may be contractor/service records
Baker Distributing Tampa,bakerdist.com,,,HVAC Supply,Supplier,HVAC Supply supplier branch/candidate near Tampa. Verify phone/email before account setup.,Tampa | Branch candidate - verify exact phone/email | Import OK - verify before opening account | https://www.bakerdist.com/ | Supplier / distributor target
Carrier Enterprise Tampa,carrierenterprise.com,,,HVAC Supply,Supplier,HVAC Supply supplier branch/candidate near Tampa. Verify phone/email before account setup.,Tampa | Branch candidate - verify exact phone/email | Import OK - verify before opening account | https://www.carrierenterprise.com/ | Supplier / distributor target
Discount Air Supply,,,,HVAC Supply,Supplier,"Discount Air Supply is a Tampa-based HVAC wholesaler that’s open to both contractors and the public. They offer split systems, package units, and mini-splits, as well as replacemen",Existing workbook - phone/email extracted where possible | Hold - missing public contact | Review existing row: some old entries may be contractor/service records
Gemaire Distributors Tampa,gemaire.com,,,HVAC Supply,Supplier,HVAC Supply supplier branch/candidate near Tampa. Verify phone/email before account setup.,Tampa | Branch candidate - verify exact phone/email | Import OK - verify before opening account | https://www.gemaire.com/ | Supplier / distributor target
Johnstone Supply Tampa,johnstonesupply.com,,,HVAC Supply,Supplier,HVAC Supply supplier branch/candidate near Tampa. Verify phone/email before account setup.,Tampa | Branch candidate - verify exact phone/email | Import OK - verify before opening account | https://www.johnstonesupply.com/ | Supplier / distributor target
Lennox Stores Tampa,lennoxpros.com,,,HVAC Supply,Supplier,HVAC Supply supplier branch/candidate near Tampa. Verify phone/email before account setup.,Tampa | Branch candidate - verify exact phone/email | Import OK - verify before opening account | https://www.lennoxpros.com/ | Supplier / distributor target
"Nuccio Heating & Air Conditioning, Inc.",nuccioac.com,,,HVAC Supply,Supplier,Experienced in residential remodeling and new construction since 1978. Focuses on custom duct design and Trane systems. High-quality installation for 3-5 ton units. Contact: (813),Existing workbook - phone/email extracted where possible | Ready - verified | https://www.nuccioac.com/ | Review existing row: some old entries may be contractor/service records
Progressive Air Systems,progressiveairsystems.com,,,HVAC Supply,Supplier,"Specialized in new residential construction. Provides 3-5 ton HVAC units and complete ductwork installation. Service areas: Pasco, Hillsborough, and Pinellas. Contact: (727) 372-57",Existing workbook - phone/email extracted where possible | Ready - verified | https://progressiveairsystems.com/ | Review existing row: some old entries may be contractor/service records
RE Michel Tampa,remichel.com,,,HVAC Supply,Supplier,HVAC Supply supplier branch/candidate near Tampa. Verify phone/email before account setup.,Tampa | Branch candidate - verify exact phone/email | Import OK - verify before opening account | https://www.remichel.com/ | Supplier / distributor target
Grainger - Bradenton,grainger.com,,,Industrial / Electrical Supply,Supplier,Industrial / Electrical Supply supplier branch/candidate near Bradenton. Verify branch phone before account setup.,Bradenton | Branch candidate - verify exact location/phone | Import OK - verify before opening account | https://www.grainger.com/ | Supplier / distributor target
Grainger - Brandon,grainger.com,,,Industrial / Electrical Supply,Supplier,Industrial / Electrical Supply supplier branch/candidate near Brandon. Verify branch phone before account setup.,Brandon | Branch candidate - verify exact location/phone | Import OK - verify before opening account | https://www.grainger.com/ | Supplier / distributor target
Grainger - Carrollwood,grainger.com,,,Industrial / Electrical Supply,Supplier,Industrial / Electrical Supply supplier branch/candidate near Carrollwood. Verify branch phone before account setup.,Carrollwood | Branch candidate - verify exact location/phone | Import OK - verify before opening account | https://www.grainger.com/ | Supplier / distributor target
Grainger - Clearwater,grainger.com,,,Industrial / Electrical Supply,Supplier,Industrial / Electrical Supply supplier branch/candidate near Clearwater. Verify branch phone before account setup.,Clearwater | Branch candidate - verify exact location/phone | Import OK - verify before opening account | https://www.grainger.com/ | Supplier / distributor target
Grainger - Dade City,grainger.com,,,Industrial / Electrical Supply,Supplier,Industrial / Electrical Supply supplier branch/candidate near Dade City. Verify branch phone before account setup.,Dade City | Branch candidate - verify exact location/phone | Import OK - verify before opening account | https://www.grainger.com/ | Supplier / distributor target
Grainger - Lakeland,grainger.com,,,Industrial / Electrical Supply,Supplier,Industrial / Electrical Supply supplier branch/candidate near Lakeland. Verify branch phone before account setup.,Lakeland | Branch candidate - verify exact location/phone | Import OK - verify before opening account | https://www.grainger.com/ | Supplier / distributor target
Grainger - Largo,grainger.com,,,Industrial / Electrical Supply,Supplier,Industrial / Electrical Supply supplier branch/candidate near Largo. Verify branch phone before account setup.,Largo | Branch candidate - verify exact location/phone | Import OK - verify before opening account | https://www.grainger.com/ | Supplier / distributor target
Grainger - Lutz,grainger.com,,,Industrial / Electrical Supply,Supplier,Industrial / Electrical Supply supplier branch/candidate near Lutz. Verify branch phone before account setup.,Lutz | Branch candidate - verify exact location/phone | Import OK - verify before opening account | https://www.grainger.com/ | Supplier / distributor target
Grainger - New Port Richey,grainger.com,,,Industrial / Electrical Supply,Supplier,Industrial / Electrical Supply supplier branch/candidate near New Port Richey. Verify branch phone before account setup.,New Port Richey | Branch candidate - verify exact location/phone | Import OK - verify before opening account | https://www.grainger.com/ | Supplier / distributor target
Grainger - Palm Harbor,grainger.com,,,Industrial / Electrical Supply,Supplier,Industrial / Electrical Supply supplier branch/candidate near Palm Harbor. Verify branch phone before account setup.,Palm Harbor | Branch candidate - verify exact location/phone | Import OK - verify before opening account | https://www.grainger.com/ | Supplier / distributor target
Grainger - Pinellas Park,grainger.com,,,Industrial / Electrical Supply,Supplier,Industrial / Electrical Supply supplier branch/candidate near Pinellas Park. Verify branch phone before account setup.,Pinellas Park | Branch candidate - verify exact location/phone | Import OK - verify before opening account | https://www.grainger.com/ | Supplier / distributor target
Grainger - Plant City,grainger.com,,,Industrial / Electrical Supply,Supplier,Industrial / Electrical Supply supplier branch/candidate near Plant City. Verify branch phone before account setup.,Plant City | Branch candidate - verify exact location/phone | Import OK - verify before opening account | https://www.grainger.com/ | Supplier / distributor target
Grainger - Riverview,grainger.com,,,Industrial / Electrical Supply,Supplier,Industrial / Electrical Supply supplier branch/candidate near Riverview. Verify branch phone before account setup.,Riverview | Branch candidate - verify exact location/phone | Import OK - verify before opening account | https://www.grainger.com/ | Supplier / distributor target
Grainger - Sarasota,grainger.com,,,Industrial / Electrical Supply,Supplier,Industrial / Electrical Supply supplier branch/candidate near Sarasota. Verify branch phone before account setup.,Sarasota | Branch candidate - verify exact location/phone | Import OK - verify before opening account | https://www.grainger.com/ | Supplier / distributor target
Grainger - Spring Hill,grainger.com,,,Industrial / Electrical Supply,Supplier,Industrial / Electrical Supply supplier branch/candidate near Spring Hill. Verify branch phone before account setup.,Spring Hill | Branch candidate - verify exact location/phone | Import OK - verify before opening account | https://www.grainger.com/ | Supplier / distributor target
Grainger - St. Petersburg,grainger.com,,,Industrial / Electrical Supply,Supplier,Industrial / Electrical Supply supplier branch/candidate near St. Petersburg. Verify branch phone before account setup.,St. Petersburg | Branch candidate - verify exact location/phone | Import OK - verify before opening account | https://www.grainger.com/ | Supplier / distributor target
Grainger - Tampa,grainger.com,,,Industrial / Electrical Supply,Supplier,Industrial / Electrical Supply supplier branch/candidate near Tampa. Verify branch phone before account setup.,Tampa | Branch candidate - verify exact location/phone | Import OK - verify before opening account | https://www.grainger.com/ | Supplier / distributor target
Grainger - Tarpon Springs,grainger.com,,,Industrial / Electrical Supply,Supplier,Industrial / Electrical Supply supplier branch/candidate near Tarpon Springs. Verify branch phone before account setup.,Tarpon Springs | Branch candidate - verify exact location/phone | Import OK - verify before opening account | https://www.grainger.com/ | Supplier / distributor target
Grainger - Town 'n' Country,grainger.com,,,Industrial / Electrical Supply,Supplier,Industrial / Electrical Supply supplier branch/candidate near Town 'n' Country. Verify branch phone before account setup.,Town 'n' Country | Branch candidate - verify exact location/phone | Import OK - verify before opening account | https://www.grainger.com/ | Supplier / distributor target
Grainger - Wesley Chapel,grainger.com,,,Industrial / Electrical Supply,Supplier,Industrial / Electrical Supply supplier branch/candidate near Wesley Chapel. Verify branch phone before account setup.,Wesley Chapel | Branch candidate - verify exact location/phone | Import OK - verify before opening account | https://www.grainger.com/ | Supplier / distributor target
Grainger Tampa East,grainger.com,,,Industrial / Electrical Supply,Supplier,Industrial / Electrical Supply supplier branch/candidate near Tampa. Verify phone/email before account setup.,Tampa | Branch candidate - verify exact phone/email | Import OK - verify before opening account | https://www.grainger.com/ | Supplier / distributor target
Expert Spray Foam Insulation,expertsprayfoaminsulation.com,,,Insulation Supply,Supplier,"Expert Spray Foam Insulation is a licensed and certified insulation contractor serving the Tampa Bay area, including Largo, Clearwater, St. Petersburg, and nearby cities. They spec",Existing workbook - phone/email extracted where possible | Ready - verified | https://www.expertsprayfoaminsulation.com | Review existing row: some old entries may be contractor/service records
Service Partners Tampa,service-partners.com/branches/fl/tampa/a39,,,Insulation Supply,Supplier,Insulation products and building accessories supplier.,"9201-F King Palm Dr, Tampa | Official/public source found | Ready - verified | https://www.service-partners.com/branches/fl/tampa/a39/ | Supplier / distributor target"
TIME Insulation,timeinsulation.net,,,Insulation Supply,Supplier,"Family-owned insulation contractor specializing in residential homes, apartment complexes, and new construction. Services include spray-on foam, vacuuming, and removals. They also",Existing workbook - phone/email extracted where possible | Ready - verified | https://timeinsulation.net | Review existing row: some old entries may be contractor/service records
Ewing Outdoor Supply Clearwater,ewingoutdoorsupply.com,,,Landscape / Irrigation Supply,Supplier,Landscape / Irrigation Supply supplier branch/candidate near Clearwater. Verify phone/email before account setup.,Clearwater | Branch candidate - verify exact phone/email | Import OK - verify before opening account | https://www.ewingoutdoorsupply.com/ | Supplier / distributor target
Ewing Outdoor Supply Tampa,ewingoutdoorsupply.com,,,Landscape / Irrigation Supply,Supplier,Landscape / Irrigation Supply supplier branch/candidate near Tampa. Verify phone/email before account setup.,Tampa | Branch candidate - verify exact phone/email | Import OK - verify before opening account | https://www.ewingoutdoorsupply.com/ | Supplier / distributor target
SiteOne Landscape Supply - Bradenton,siteone.com,,,Landscape / Irrigation Supply,Supplier,Landscape / Irrigation Supply supplier branch/candidate near Bradenton. Verify branch phone before account setup.,Bradenton | Branch candidate - verify exact location/phone | Import OK - verify before opening account | https://www.siteone.com/ | Supplier / distributor target
SiteOne Landscape Supply - Brandon,siteone.com,,,Landscape / Irrigation Supply,Supplier,Landscape / Irrigation Supply supplier branch/candidate near Brandon. Verify branch phone before account setup.,Brandon | Branch candidate - verify exact location/phone | Import OK - verify before opening account | https://www.siteone.com/ | Supplier / distributor target
SiteOne Landscape Supply - Carrollwood,siteone.com,,,Landscape / Irrigation Supply,Supplier,Landscape / Irrigation Supply supplier branch/candidate near Carrollwood. Verify branch phone before account setup.,Carrollwood | Branch candidate - verify exact location/phone | Import OK - verify before opening account | https://www.siteone.com/ | Supplier / distributor target
SiteOne Landscape Supply - Dade City,siteone.com,,,Landscape / Irrigation Supply,Supplier,Landscape / Irrigation Supply supplier branch/candidate near Dade City. Verify branch phone before account setup.,Dade City | Branch candidate - verify exact location/phone | Import OK - verify before opening account | https://www.siteone.com/ | Supplier / distributor target
SiteOne Landscape Supply - Lakeland,siteone.com,,,Landscape / Irrigation Supply,Supplier,Landscape / Irrigation Supply supplier branch/candidate near Lakeland. Verify branch phone before account setup.,Lakeland | Branch candidate - verify exact location/phone | Import OK - verify before opening account | https://www.siteone.com/ | Supplier / distributor target
SiteOne Landscape Supply - Largo,siteone.com,,,Landscape / Irrigation Supply,Supplier,Landscape / Irrigation Supply supplier branch/candidate near Largo. Verify branch phone before account setup.,Largo | Branch candidate - verify exact location/phone | Import OK - verify before opening account | https://www.siteone.com/ | Supplier / distributor target
SiteOne Landscape Supply - Lutz,siteone.com,,,Landscape / Irrigation Supply,Supplier,Landscape / Irrigation Supply supplier branch/candidate near Lutz. Verify branch phone before account setup.,Lutz | Branch candidate - verify exact location/phone | Import OK - verify before opening account | https://www.siteone.com/ | Supplier / distributor target
SiteOne Landscape Supply - New Port Richey,siteone.com,,,Landscape / Irrigation Supply,Supplier,Landscape / Irrigation Supply supplier branch/candidate near New Port Richey. Verify branch phone before account setup.,New Port Richey | Branch candidate - verify exact location/phone | Import OK - verify before opening account | https://www.siteone.com/ | Supplier / distributor target
SiteOne Landscape Supply - Palm Harbor,siteone.com,,,Landscape / Irrigation Supply,Supplier,Landscape / Irrigation Supply supplier branch/candidate near Palm Harbor. Verify branch phone before account setup.,Palm Harbor | Branch candidate - verify exact location/phone | Import OK - verify before opening account | https://www.siteone.com/ | Supplier / distributor target
SiteOne Landscape Supply - Pinellas Park,siteone.com,,,Landscape / Irrigation Supply,Supplier,Landscape / Irrigation Supply supplier branch/candidate near Pinellas Park. Verify branch phone before account setup.,Pinellas Park | Branch candidate - verify exact location/phone | Import OK - verify before opening account | https://www.siteone.com/ | Supplier / distributor target
SiteOne Landscape Supply - Plant City,siteone.com,,,Landscape / Irrigation Supply,Supplier,Landscape / Irrigation Supply supplier branch/candidate near Plant City. Verify branch phone before account setup.,Plant City | Branch candidate - verify exact location/phone | Import OK - verify before opening account | https://www.siteone.com/ | Supplier / distributor target
SiteOne Landscape Supply - Riverview,siteone.com,,,Landscape / Irrigation Supply,Supplier,Landscape / Irrigation Supply supplier branch/candidate near Riverview. Verify branch phone before account setup.,Riverview | Branch candidate - verify exact location/phone | Import OK - verify before opening account | https://www.siteone.com/ | Supplier / distributor target
SiteOne Landscape Supply - Sarasota,siteone.com,,,Landscape / Irrigation Supply,Supplier,Landscape / Irrigation Supply supplier branch/candidate near Sarasota. Verify branch phone before account setup.,Sarasota | Branch candidate - verify exact location/phone | Import OK - verify before opening account | https://www.siteone.com/ | Supplier / distributor target
SiteOne Landscape Supply - Spring Hill,siteone.com,,,Landscape / Irrigation Supply,Supplier,Landscape / Irrigation Supply supplier branch/candidate near Spring Hill. Verify branch phone before account setup.,Spring Hill | Branch candidate - verify exact location/phone | Import OK - verify before opening account | https://www.siteone.com/ | Supplier / distributor target
SiteOne Landscape Supply - St. Petersburg,siteone.com,,,Landscape / Irrigation Supply,Supplier,Landscape / Irrigation Supply supplier branch/candidate near St. Petersburg. Verify branch phone before account setup.,St. Petersburg | Branch candidate - verify exact location/phone | Import OK - verify before opening account | https://www.siteone.com/ | Supplier / distributor target
SiteOne Landscape Supply - Tarpon Springs,siteone.com,,,Landscape / Irrigation Supply,Supplier,Landscape / Irrigation Supply supplier branch/candidate near Tarpon Springs. Verify branch phone before account setup.,Tarpon Springs | Branch candidate - verify exact location/phone | Import OK - verify before opening account | https://www.siteone.com/ | Supplier / distributor target
SiteOne Landscape Supply - Town 'n' Country,siteone.com,,,Landscape / Irrigation Supply,Supplier,Landscape / Irrigation Supply supplier branch/candidate near Town 'n' Country. Verify branch phone before account setup.,Town 'n' Country | Branch candidate - verify exact location/phone | Import OK - verify before opening account | https://www.siteone.com/ | Supplier / distributor target
SiteOne Landscape Supply - Wesley Chapel,siteone.com,,,Landscape / Irrigation Supply,Supplier,Landscape / Irrigation Supply supplier branch/candidate near Wesley Chapel. Verify branch phone before account setup.,Wesley Chapel | Branch candidate - verify exact location/phone | Import OK - verify before opening account | https://www.siteone.com/ | Supplier / distributor target
SiteOne Landscape Supply Clearwater,siteone.com,,,Landscape / Irrigation Supply,Supplier,Landscape / Irrigation Supply supplier branch/candidate near Clearwater. Verify phone/email before account setup.,Clearwater | Branch candidate - verify exact phone/email | Import OK - verify before opening account | https://www.siteone.com/ | Supplier / distributor target
SiteOne Landscape Supply Tampa,siteone.com,,,Landscape / Irrigation Supply,Supplier,Landscape / Irrigation Supply supplier branch/candidate near Tampa. Verify phone/email before account setup.,Tampa | Branch candidate - verify exact phone/email | Import OK - verify before opening account | https://www.siteone.com/ | Supplier / distributor target
Pioneer Sand Tampa Bay,pioneersand.com,,,Landscape / Masonry Supply,Supplier,Landscape / Masonry Supply supplier branch/candidate near Tampa Bay. Verify phone/email before account setup.,Tampa Bay | Branch candidate - verify exact phone/email | Import OK - verify before opening account | https://www.pioneersand.com/ | Supplier / distributor target
84 Lumber Tampa Bay,84lumber.com,,,Lumber / Building Materials,Supplier,Lumber / Building Materials supplier branch/candidate near Tampa Bay. Verify phone/email before account setup.,Tampa Bay | Branch candidate - verify exact phone/email | Import OK - verify before opening account | https://www.84lumber.com/ | Supplier / distributor target
Builders FirstSource Tampa Bay,bldr.com,,,Lumber / Building Materials,Supplier,Lumber / Building Materials supplier branch/candidate near Tampa Bay. Verify phone/email before account setup.,Tampa Bay | Branch candidate - verify exact phone/email | Import OK - verify before opening account | https://www.bldr.com/ | Supplier / distributor target
Carter Lumber Tampa Bay,carterlumber.com,,,Lumber / Building Materials,Supplier,Lumber / Building Materials supplier branch/candidate near Tampa Bay. Verify phone/email before account setup.,Tampa Bay | Branch candidate - verify exact phone/email | Import OK - verify before opening account | https://www.carterlumber.com/ | Supplier / distributor target
"Intercity Lumber Co., Inc.",intercitylumber.com,,,Lumber / Building Materials,Supplier,"Address: 5301 Causeway Blvd, Tampa, FL 33619 (some listings show ZIP 33619-6123 | They list lumber, plywood, millwork, mouldings & trim, and related building supplies. | They stock a",Existing workbook - phone/email extracted where possible | Ready - verified | https://intercitylumber.com | Review existing row: some old entries may be contractor/service records
Raymond Building Supply Tampa Bay,rbsc.net,,,Lumber / Building Materials,Supplier,Lumber / Building Materials supplier branch/candidate near Tampa Bay. Verify phone/email before account setup.,Tampa Bay | Branch candidate - verify exact phone/email | Import OK - verify before opening account | https://www.rbsc.net/ | Supplier / distributor target
Tibbetts Lumber Tampa Bay,tibbettslumber.com,,,Lumber / Building Materials,Supplier,Lumber / Building Materials supplier branch/candidate near Tampa Bay. Verify phone/email before account setup.,Tampa Bay | Branch candidate - verify exact phone/email | Import OK - verify before opening account | https://tibbettslumber.com/ | Supplier / distributor target
Oldcastle APG Tampa Bay,oldcastleapg.com,,,Masonry / Concrete Supply,Supplier,Masonry / Concrete Supply supplier branch/candidate near Tampa Bay. Verify phone/email before account setup.,Tampa Bay | Branch candidate - verify exact phone/email | Import OK - verify before opening account | https://www.oldcastleapg.com/ | Supplier / distributor target
Mutual Materials Tampa Bay,mutualmaterials.com,,,Masonry / Paver Supply,Supplier,Masonry / Paver Supply supplier branch/candidate near Tampa Bay. Verify phone/email before account setup.,Tampa Bay | Branch candidate - verify exact phone/email | Import OK - verify before opening account | https://www.mutualmaterials.com/ | Supplier / distributor target
Davis Concrete Clearwater,davisconcreteinc.com,,,Masonry / Stucco Supply,Supplier,Masonry / Stucco Supply supplier branch/candidate near Clearwater. Verify phone/email before account setup.,Clearwater | Branch candidate - verify exact phone/email | Import OK - verify before opening account | https://www.davisconcreteinc.com/ | Supplier / distributor target
Westside Materials Tampa Bay,westsidematerials.com,,,Masonry / Stucco Supply,Supplier,Masonry / Stucco Supply supplier branch/candidate near Tampa Bay. Verify phone/email before account setup.,Tampa Bay | Branch candidate - verify exact phone/email | Import OK - verify before opening account | https://www.westsidematerials.com/ | Supplier / distributor target
Metal Building Supply Tampa Bay,metalbuildingsupply.com,,,Metal Roofing / Building Supply,Supplier,Metal Roofing / Building Supply supplier branch/candidate near Tampa Bay. Verify phone/email before account setup.,Tampa Bay | Branch candidate - verify exact phone/email | Import OK - verify before opening account | https://www.metalbuildingsupply.com/ | Supplier / distributor target
Mueller Metal Roofing Tampa Bay,muellerinc.com,,,Metal Roofing Supply,Supplier,Metal Roofing Supply supplier branch/candidate near Tampa Bay. Verify phone/email before account setup.,Tampa Bay | Branch candidate - verify exact phone/email | Import OK - verify before opening account | https://www.muellerinc.com/ | Supplier / distributor target
Tri County Metals Tampa Bay,tricountymetals.com,,,Metal Roofing Supply,Supplier,Metal Roofing Supply supplier branch/candidate near Tampa Bay. Verify phone/email before account setup.,Tampa Bay | Branch candidate - verify exact phone/email | Import OK - verify before opening account | https://www.tricountymetals.com/ | Supplier / distributor target
Alro Metals - Tampa,alro.com/locations/location.aspx,,,Metal Supply,Supplier,"Stainless steel, tool steel, carbon steel, aluminum, brass, bronze, copper, cast iron and related metals.",Tampa | Official/public source found | Ready - verified | https://www.alro.com/locations/location.aspx?loc=TA | Supplier / distributor target
Castle Metals Tampa Bay,castlemetals.com,,,Metal Supply,Supplier,Metal Supply supplier branch/candidate near Tampa Bay. Verify phone/email before account setup.,Tampa Bay | Branch candidate - verify exact phone/email | Import OK - verify before opening account | https://www.castlemetals.com/ | Supplier / distributor target
Florida Metal Services Tampa Bay,floridametalservices.com,,,Metal Supply,Supplier,Metal Supply supplier branch/candidate near Tampa Bay. Verify phone/email before account setup.,Tampa Bay | Branch candidate - verify exact phone/email | Import OK - verify before opening account | https://www.floridametalservices.com/ | Supplier / distributor target
Industrial Metal Supply Tampa Bay,industrialmetalsupply.com,,,Metal Supply,Supplier,Metal Supply supplier branch/candidate near Tampa Bay. Verify phone/email before account setup.,Tampa Bay | Branch candidate - verify exact phone/email | Import OK - verify before opening account | https://www.industrialmetalsupply.com/ | Supplier / distributor target
Kloeckner Metals Tampa Bay,kloecknermetals.com,,,Metal Supply,Supplier,Metal Supply supplier branch/candidate near Tampa Bay. Verify phone/email before account setup.,Tampa Bay | Branch candidate - verify exact phone/email | Import OK - verify before opening account | https://www.kloecknermetals.com/ | Supplier / distributor target
McNichols Tampa Metals Service Center,mcnichols.com/locations/tampa-florida,,,Metal Supply,Supplier,"Perforated and expanded metals, wire mesh, bar grating, plank grating, fiberglass grating and flooring products.",Tampa | Official/public source found | Ready - verified | https://www.mcnichols.com/locations/tampa-florida | Supplier / distributor target
Metal Supermarkets Tampa,metalsupermarkets.com/location/tampa,,,Metal Supply,Supplier,Small-quantity metal supplier with pickup/delivery and value-added services.,Tampa | Official/public source found | Ready - verified | https://www.metalsupermarkets.com/location/tampa/ | Supplier / distributor target
Metals Depot Tampa Bay,metalsdepot.com,,,Metal Supply,Supplier,Metal Supply supplier branch/candidate near Tampa Bay. Verify phone/email before account setup.,Tampa Bay | Branch candidate - verify exact phone/email | Import OK - verify before opening account | https://www.metalsdepot.com/ | Supplier / distributor target
O'Neal Steel Tampa Bay,onealsteel.com,,,Metal Supply,Supplier,Metal Supply supplier branch/candidate near Tampa Bay. Verify phone/email before account setup.,Tampa Bay | Branch candidate - verify exact phone/email | Import OK - verify before opening account | https://www.onealsteel.com/ | Supplier / distributor target
Randall Metals - Tampa Area,randallmetals.com/galvanized-steel-sheet-supplier-tampa-florida,,,Metal Supply,Supplier,Galvanized steel sheet supplier serving Tampa-area industrial and construction buyers.,Tampa Bay | Official/public source found | Ready - verified | https://randallmetals.com/galvanized-steel-sheet-supplier-tampa-florida/ | Supplier / distributor target
Reliance Steel & Aluminum Tampa Bay,rsac.com,,,Metal Supply,Supplier,Metal Supply supplier branch/candidate near Tampa Bay. Verify phone/email before account setup.,Tampa Bay | Branch candidate - verify exact phone/email | Import OK - verify before opening account | https://www.rsac.com/ | Supplier / distributor target
Ryerson Tampa Bay,ryerson.com,,,Metal Supply,Supplier,Metal Supply supplier branch/candidate near Tampa Bay. Verify phone/email before account setup.,Tampa Bay | Branch candidate - verify exact phone/email | Import OK - verify before opening account | https://www.ryerson.com/ | Supplier / distributor target
"Samuel, Son & Co. Tampa Bay",samuel.com,,,Metal Supply,Supplier,Metal Supply supplier branch/candidate near Tampa Bay. Verify phone/email before account setup.,Tampa Bay | Branch candidate - verify exact phone/email | Import OK - verify before opening account | https://www.samuel.com/ | Supplier / distributor target
Speedy Metals Tampa Bay,speedymetals.com,,,Metal Supply,Supplier,Metal Supply supplier branch/candidate near Tampa Bay. Verify phone/email before account setup.,Tampa Bay | Branch candidate - verify exact phone/email | Import OK - verify before opening account | https://www.speedymetals.com/ | Supplier / distributor target
Steel Supply Inc. Tampa Bay,steelsupplylp.com,,,Metal Supply,Supplier,Metal Supply supplier branch/candidate near Tampa Bay. Verify phone/email before account setup.,Tampa Bay | Branch candidate - verify exact phone/email | Import OK - verify before opening account | https://steelsupplylp.com/ | Supplier / distributor target
Yarde Metals Tampa Bay,yarde.com,,,Metal Supply,Supplier,Metal Supply supplier branch/candidate near Tampa Bay. Verify phone/email before account setup.,Tampa Bay | Branch candidate - verify exact phone/email | Import OK - verify before opening account | https://www.yarde.com/ | Supplier / distributor target
Tampa Bay Millworks Supply,tampabaymillworks.com,,,Millwork / Trim Supply,Supplier,Millwork / Trim Supply supplier branch/candidate near Tampa Bay. Verify phone/email before account setup.,Tampa Bay | Branch candidate - verify exact phone/email | Import OK - verify before opening account | https://www.tampabaymillworks.com/ | Supplier / distributor target
Benjamin Moore Dealer Tampa Bay,benjaminmoore.com,,,Paint Supply,Supplier,Paint Supply supplier branch/candidate near Tampa Bay. Verify phone/email before account setup.,Tampa Bay | Branch candidate - verify exact phone/email | Import OK - verify before opening account | https://www.benjaminmoore.com/ | Supplier / distributor target
Florida Paints,floridapaints.com,,,Paint Supply,Supplier,High Performance Paints and Primers | Trouble-free application and a smooth finish are hallmarks of our products. Florida Paints uses only the highest quality materials and formulat,Existing workbook - phone/email extracted where possible | Ready - verified | https://floridapaints.com/ | Review existing row: some old entries may be contractor/service records
Jeremie Gonzalez Sales rep,floridapaints.com,813-904-2923,j.gonzalez@floridapaints.com,Paint Supply,Supplier,"j.gonzalez@floridapaints.com | | 813-904-2923 | Street Address: 78 3rd Street, Winter Garden, FL 34787. | Email (general): info@floridapaints.com | | They are a manufacturer and distr",Existing workbook - phone/email extracted where possible | Ready - verified | https://www.floridapaints.com | Review existing row: some old entries may be contractor/service records
Machado Painting and Pressure,,239-244-6178,machadoyanorqui@gmail.com,Paint Supply,Supplier,"> Provides Interior Painting, Exterior Painting, and Pressure Washing services. Serving Tampa and Spring Hill areas. | | | Email: machadoyanorqui@gmail.com",Existing workbook - phone/email extracted where possible | Ready - verified | Review existing row: some old entries may be contractor/service records
PPG Paints - Bradenton,ppgpaints.com,,,Paint Supply,Supplier,Paint Supply supplier branch/candidate near Bradenton. Verify branch phone before account setup.,Bradenton | Branch candidate - verify exact location/phone | Import OK - verify before opening account | https://www.ppgpaints.com/ | Supplier / distributor target
PPG Paints - Brandon,ppgpaints.com,,,Paint Supply,Supplier,Paint Supply supplier branch/candidate near Brandon. Verify branch phone before account setup.,Brandon | Branch candidate - verify exact location/phone | Import OK - verify before opening account | https://www.ppgpaints.com/ | Supplier / distributor target
PPG Paints - Carrollwood,ppgpaints.com,,,Paint Supply,Supplier,Paint Supply supplier branch/candidate near Carrollwood. Verify branch phone before account setup.,Carrollwood | Branch candidate - verify exact location/phone | Import OK - verify before opening account | https://www.ppgpaints.com/ | Supplier / distributor target
PPG Paints - Clearwater,ppgpaints.com,,,Paint Supply,Supplier,Paint Supply supplier branch/candidate near Clearwater. Verify branch phone before account setup.,Clearwater | Branch candidate - verify exact location/phone | Import OK - verify before opening account | https://www.ppgpaints.com/ | Supplier / distributor target
PPG Paints - Dade City,ppgpaints.com,,,Paint Supply,Supplier,Paint Supply supplier branch/candidate near Dade City. Verify branch phone before account setup.,Dade City | Branch candidate - verify exact location/phone | Import OK - verify before opening account | https://www.ppgpaints.com/ | Supplier / distributor target
PPG Paints - Lakeland,ppgpaints.com,,,Paint Supply,Supplier,Paint Supply supplier branch/candidate near Lakeland. Verify branch phone before account setup.,Lakeland | Branch candidate - verify exact location/phone | Import OK - verify before opening account | https://www.ppgpaints.com/ | Supplier / distributor target
PPG Paints - Largo,ppgpaints.com,,,Paint Supply,Supplier,Paint Supply supplier branch/candidate near Largo. Verify branch phone before account setup.,Largo | Branch candidate - verify exact location/phone | Import OK - verify before opening account | https://www.ppgpaints.com/ | Supplier / distributor target
PPG Paints - Lutz,ppgpaints.com,,,Paint Supply,Supplier,Paint Supply supplier branch/candidate near Lutz. Verify branch phone before account setup.,Lutz | Branch candidate - verify exact location/phone | Import OK - verify before opening account | https://www.ppgpaints.com/ | Supplier / distributor target
PPG Paints - New Port Richey,ppgpaints.com,,,Paint Supply,Supplier,Paint Supply supplier branch/candidate near New Port Richey. Verify branch phone before account setup.,New Port Richey | Branch candidate - verify exact location/phone | Import OK - verify before opening account | https://www.ppgpaints.com/ | Supplier / distributor target
PPG Paints - Palm Harbor,ppgpaints.com,,,Paint Supply,Supplier,Paint Supply supplier branch/candidate near Palm Harbor. Verify branch phone before account setup.,Palm Harbor | Branch candidate - verify exact location/phone | Import OK - verify before opening account | https://www.ppgpaints.com/ | Supplier / distributor target
PPG Paints - Pinellas Park,ppgpaints.com,,,Paint Supply,Supplier,Paint Supply supplier branch/candidate near Pinellas Park. Verify branch phone before account setup.,Pinellas Park | Branch candidate - verify exact location/phone | Import OK - verify before opening account | https://www.ppgpaints.com/ | Supplier / distributor target
PPG Paints - Plant City,ppgpaints.com,,,Paint Supply,Supplier,Paint Supply supplier branch/candidate near Plant City. Verify branch phone before account setup.,Plant City | Branch candidate - verify exact location/phone | Import OK - verify before opening account | https://www.ppgpaints.com/ | Supplier / distributor target
PPG Paints - Riverview,ppgpaints.com,,,Paint Supply,Supplier,Paint Supply supplier branch/candidate near Riverview. Verify branch phone before account setup.,Riverview | Branch candidate - verify exact location/phone | Import OK - verify before opening account | https://www.ppgpaints.com/ | Supplier / distributor target
PPG Paints - Sarasota,ppgpaints.com,,,Paint Supply,Supplier,Paint Supply supplier branch/candidate near Sarasota. Verify branch phone before account setup.,Sarasota | Branch candidate - verify exact location/phone | Import OK - verify before opening account | https://www.ppgpaints.com/ | Supplier / distributor target
PPG Paints - Spring Hill,ppgpaints.com,,,Paint Supply,Supplier,Paint Supply supplier branch/candidate near Spring Hill. Verify branch phone before account setup.,Spring Hill | Branch candidate - verify exact location/phone | Import OK - verify before opening account | https://www.ppgpaints.com/ | Supplier / distributor target
PPG Paints - St. Petersburg,ppgpaints.com,,,Paint Supply,Supplier,Paint Supply supplier branch/candidate near St. Petersburg. Verify branch phone before account setup.,St. Petersburg | Branch candidate - verify exact location/phone | Import OK - verify before opening account | https://www.ppgpaints.com/ | Supplier / distributor target
PPG Paints - Tarpon Springs,ppgpaints.com,,,Paint Supply,Supplier,Paint Supply supplier branch/candidate near Tarpon Springs. Verify branch phone before account setup.,Tarpon Springs | Branch candidate - verify exact location/phone | Import OK - verify before opening account | https://www.ppgpaints.com/ | Supplier / distributor target
PPG Paints - Town 'n' Country,ppgpaints.com,,,Paint Supply,Supplier,Paint Supply supplier branch/candidate near Town 'n' Country. Verify branch phone before account setup.,Town 'n' Country | Branch candidate - verify exact location/phone | Import OK - verify before opening account | https://www.ppgpaints.com/ | Supplier / distributor target
PPG Paints - Wesley Chapel,ppgpaints.com,,,Paint Supply,Supplier,Paint Supply supplier branch/candidate near Wesley Chapel. Verify branch phone before account setup.,Wesley Chapel | Branch candidate - verify exact location/phone | Import OK - verify before opening account | https://www.ppgpaints.com/ | Supplier / distributor target
PPG Paints Tampa,ppgpaints.com,,,Paint Supply,Supplier,Paint Supply supplier branch/candidate near Tampa. Verify phone/email before account setup.,Tampa | Branch candidate - verify exact phone/email | Import OK - verify before opening account | https://www.ppgpaints.com/ | Supplier / distributor target
Sherwin-Williams Paint Store - Bradenton,sherwin-williams.com,,,Paint Supply,Supplier,Paint Supply supplier branch/candidate near Bradenton. Verify branch phone before account setup.,Bradenton | Branch candidate - verify exact location/phone | Import OK - verify before opening account | https://www.sherwin-williams.com/ | Supplier / distributor target
Sherwin-Williams Paint Store - Brandon,sherwin-williams.com,,,Paint Supply,Supplier,Paint Supply supplier branch/candidate near Brandon. Verify branch phone before account setup.,Brandon | Branch candidate - verify exact location/phone | Import OK - verify before opening account | https://www.sherwin-williams.com/ | Supplier / distributor target
Sherwin-Williams Paint Store - Carrollwood,sherwin-williams.com,,,Paint Supply,Supplier,Paint Supply supplier branch/candidate near Carrollwood. Verify branch phone before account setup.,Carrollwood | Branch candidate - verify exact location/phone | Import OK - verify before opening account | https://www.sherwin-williams.com/ | Supplier / distributor target
Sherwin-Williams Paint Store - Clearwater,sherwin-williams.com,,,Paint Supply,Supplier,Paint Supply supplier branch/candidate near Clearwater. Verify branch phone before account setup.,Clearwater | Branch candidate - verify exact location/phone | Import OK - verify before opening account | https://www.sherwin-williams.com/ | Supplier / distributor target
Sherwin-Williams Paint Store - Dade City,sherwin-williams.com,,,Paint Supply,Supplier,Paint Supply supplier branch/candidate near Dade City. Verify branch phone before account setup.,Dade City | Branch candidate - verify exact location/phone | Import OK - verify before opening account | https://www.sherwin-williams.com/ | Supplier / distributor target
Sherwin-Williams Paint Store - Lakeland,sherwin-williams.com,,,Paint Supply,Supplier,Paint Supply supplier branch/candidate near Lakeland. Verify branch phone before account setup.,Lakeland | Branch candidate - verify exact location/phone | Import OK - verify before opening account | https://www.sherwin-williams.com/ | Supplier / distributor target
Sherwin-Williams Paint Store - Largo,sherwin-williams.com,,,Paint Supply,Supplier,Paint Supply supplier branch/candidate near Largo. Verify branch phone before account setup.,Largo | Branch candidate - verify exact location/phone | Import OK - verify before opening account | https://www.sherwin-williams.com/ | Supplier / distributor target
Sherwin-Williams Paint Store - Lutz,sherwin-williams.com,,,Paint Supply,Supplier,Paint Supply supplier branch/candidate near Lutz. Verify branch phone before account setup.,Lutz | Branch candidate - verify exact location/phone | Import OK - verify before opening account | https://www.sherwin-williams.com/ | Supplier / distributor target
Sherwin-Williams Paint Store - New Port Richey,sherwin-williams.com,,,Paint Supply,Supplier,Paint Supply supplier branch/candidate near New Port Richey. Verify branch phone before account setup.,New Port Richey | Branch candidate - verify exact location/phone | Import OK - verify before opening account | https://www.sherwin-williams.com/ | Supplier / distributor target
Sherwin-Williams Paint Store - Palm Harbor,sherwin-williams.com,,,Paint Supply,Supplier,Paint Supply supplier branch/candidate near Palm Harbor. Verify branch phone before account setup.,Palm Harbor | Branch candidate - verify exact location/phone | Import OK - verify before opening account | https://www.sherwin-williams.com/ | Supplier / distributor target
Sherwin-Williams Paint Store - Pinellas Park,sherwin-williams.com,,,Paint Supply,Supplier,Paint Supply supplier branch/candidate near Pinellas Park. Verify branch phone before account setup.,Pinellas Park | Branch candidate - verify exact location/phone | Import OK - verify before opening account | https://www.sherwin-williams.com/ | Supplier / distributor target
Sherwin-Williams Paint Store - Plant City,sherwin-williams.com,,,Paint Supply,Supplier,Paint Supply supplier branch/candidate near Plant City. Verify branch phone before account setup.,Plant City | Branch candidate - verify exact location/phone | Import OK - verify before opening account | https://www.sherwin-williams.com/ | Supplier / distributor target
Sherwin-Williams Paint Store - Riverview,sherwin-williams.com,,,Paint Supply,Supplier,Paint Supply supplier branch/candidate near Riverview. Verify branch phone before account setup.,Riverview | Branch candidate - verify exact location/phone | Import OK - verify before opening account | https://www.sherwin-williams.com/ | Supplier / distributor target
Sherwin-Williams Paint Store - Sarasota,sherwin-williams.com,,,Paint Supply,Supplier,Paint Supply supplier branch/candidate near Sarasota. Verify branch phone before account setup.,Sarasota | Branch candidate - verify exact location/phone | Import OK - verify before opening account | https://www.sherwin-williams.com/ | Supplier / distributor target
Sherwin-Williams Paint Store - Spring Hill,sherwin-williams.com,,,Paint Supply,Supplier,Paint Supply supplier branch/candidate near Spring Hill. Verify branch phone before account setup.,Spring Hill | Branch candidate - verify exact location/phone | Import OK - verify before opening account | https://www.sherwin-williams.com/ | Supplier / distributor target
Sherwin-Williams Paint Store - St. Petersburg,sherwin-williams.com,,,Paint Supply,Supplier,Paint Supply supplier branch/candidate near St. Petersburg. Verify branch phone before account setup.,St. Petersburg | Branch candidate - verify exact location/phone | Import OK - verify before opening account | https://www.sherwin-williams.com/ | Supplier / distributor target
Sherwin-Williams Paint Store - Tarpon Springs,sherwin-williams.com,,,Paint Supply,Supplier,Paint Supply supplier branch/candidate near Tarpon Springs. Verify branch phone before account setup.,Tarpon Springs | Branch candidate - verify exact location/phone | Import OK - verify before opening account | https://www.sherwin-williams.com/ | Supplier / distributor target
Sherwin-Williams Paint Store - Town 'n' Country,sherwin-williams.com,,,Paint Supply,Supplier,Paint Supply supplier branch/candidate near Town 'n' Country. Verify branch phone before account setup.,Town 'n' Country | Branch candidate - verify exact location/phone | Import OK - verify before opening account | https://www.sherwin-williams.com/ | Supplier / distributor target
Sherwin-Williams Paint Store - Wesley Chapel,sherwin-williams.com,,,Paint Supply,Supplier,Paint Supply supplier branch/candidate near Wesley Chapel. Verify branch phone before account setup.,Wesley Chapel | Branch candidate - verify exact location/phone | Import OK - verify before opening account | https://www.sherwin-williams.com/ | Supplier / distributor target
Sherwin-Williams Paint Store Tampa,sherwin-williams.com,,,Paint Supply,Supplier,Paint Supply supplier branch/candidate near Tampa. Verify phone/email before account setup.,Tampa | Branch candidate - verify exact phone/email | Import OK - verify before opening account | https://www.sherwin-williams.com/ | Supplier / distributor target
WHOLESALE CABINET SUPPLY,thewcsupply.com,800-917-7736,,Paint Supply,Supplier,"Assembled Cabinets - Custom Paint | Phone: 1-800-917-7736 | | Address: | 202 S Catherine St, Pickens, SC 29671 — Showroom location. | 1000 Poinsett Hwy, Greenville, SC 29609 — Another",Existing workbook - phone/email extracted where possible | Ready - verified | https://thewcsupply.com | Review existing row: some old entries may be contractor/service records
Ferguson HVAC - Tampa,ferguson.com,813-881-1982,,Plumbing / HVAC Supply,Supplier,Plumbing / HVAC Supply supplier branch/candidate near Tampa. Verify phone/email before account setup.,Tampa | Branch candidate - verify exact phone/email | Import OK - verify before opening account | https://www.ferguson.com/ | Supplier / distributor target
Hajoca Tampa / Hughes Supply,hajoca.com,,,Plumbing / HVAC Supply,Supplier,"Wholesale distributor of plumbing, HVAC, industrial and pool supplies.",Tampa Bay | Official/public source found | Ready - verified | https://www.hajoca.com/ | Supplier / distributor target
Southern Pipe & Supply,southernpipe.com,,,Plumbing / HVAC Supply,Supplier,"Plumbing, HVAC, air conditioning, industrial pipe, valves, fittings and waterworks supply.",Florida / Southeast | Official/public source found | Ready - verified | https://www.southernpipe.com/ | Supplier / distributor target
Southern Pipe & Supply Tampa Bay,southernpipe.com,,,Plumbing / HVAC Supply,Supplier,Plumbing / HVAC Supply supplier branch/candidate near Tampa Bay. Verify phone/email before account setup.,Tampa Bay | Branch candidate - verify exact phone/email | Import OK - verify before opening account | https://www.southernpipe.com/ | Supplier / distributor target
Pipeconx Tampa,pipeconx.com,,,Plumbing / Pipe Supply,Supplier,Plumbing / Pipe Supply supplier branch/candidate near Tampa Bay. Verify phone/email before account setup.,Tampa Bay | Branch candidate - verify exact phone/email | Import OK - verify before opening account | https://pipeconx.com/ | Supplier / distributor target
Bay Area Winsupply,winsupplyinc.com,,,Plumbing Supply,Supplier,Plumbing Supply supplier branch/candidate near Tampa Bay. Verify phone/email before account setup.,Tampa Bay | Branch candidate - verify exact phone/email | Import OK - verify before opening account | https://www.winsupplyinc.com/ | Supplier / distributor target
Buck's Plumbing Supply,bucksplumbingsupplyinc.com,813-935-1173,,Plumbing Supply,Supplier,Specialty plumbing supply house serving Tampa contractors and homeowners.,"8810 N Nebraska Ave, Tampa, FL 33604 | Official/public source found | Ready - verified | https://www.bucksplumbingsupplyinc.com/ | Supplier / distributor target"
Buck's Wholesale Plumbing Supply,bucksplumbingsupplyinc.com,813-935-1173,,Plumbing Supply,Supplier,"We need to create an account for best contractor pricing. | Contact Number: +18139351173 | Address: 8810 N Nebraska Ave, Tampa, FL 33604, United States",Existing workbook - phone/email extracted where possible | Ready - verified | https://www.bucksplumbingsupplyinc.com/ | Review existing row: some old entries may be contractor/service records
Ferguson - Bradenton,ferguson.com,,,Plumbing Supply,Supplier,Plumbing Supply supplier branch/candidate near Bradenton. Verify branch phone before account setup.,Bradenton | Branch candidate - verify exact location/phone | Import OK - verify before opening account | https://www.ferguson.com/ | Supplier / distributor target
Ferguson - Brandon,ferguson.com,,,Plumbing Supply,Supplier,Plumbing Supply supplier branch/candidate near Brandon. Verify branch phone before account setup.,Brandon | Branch candidate - verify exact location/phone | Import OK - verify before opening account | https://www.ferguson.com/ | Supplier / distributor target
Ferguson - Carrollwood,ferguson.com,,,Plumbing Supply,Supplier,Plumbing Supply supplier branch/candidate near Carrollwood. Verify branch phone before account setup.,Carrollwood | Branch candidate - verify exact location/phone | Import OK - verify before opening account | https://www.ferguson.com/ | Supplier / distributor target
Ferguson - Clearwater,ferguson.com,,,Plumbing Supply,Supplier,Plumbing Supply supplier branch/candidate near Clearwater. Verify branch phone before account setup.,Clearwater | Branch candidate - verify exact location/phone | Import OK - verify before opening account | https://www.ferguson.com/ | Supplier / distributor target
Ferguson - Dade City,ferguson.com,,,Plumbing Supply,Supplier,Plumbing Supply supplier branch/candidate near Dade City. Verify branch phone before account setup.,Dade City | Branch candidate - verify exact location/phone | Import OK - verify before opening account | https://www.ferguson.com/ | Supplier / distributor target
Ferguson - Lakeland,ferguson.com,,,Plumbing Supply,Supplier,Plumbing Supply supplier branch/candidate near Lakeland. Verify branch phone before account setup.,Lakeland | Branch candidate - verify exact location/phone | Import OK - verify before opening account | https://www.ferguson.com/ | Supplier / distributor target
Ferguson - Largo,ferguson.com,,,Plumbing Supply,Supplier,Plumbing Supply supplier branch/candidate near Largo. Verify branch phone before account setup.,Largo | Branch candidate - verify exact location/phone | Import OK - verify before opening account | https://www.ferguson.com/ | Supplier / distributor target
Ferguson - Lutz,ferguson.com,,,Plumbing Supply,Supplier,Plumbing Supply supplier branch/candidate near Lutz. Verify branch phone before account setup.,Lutz | Branch candidate - verify exact location/phone | Import OK - verify before opening account | https://www.ferguson.com/ | Supplier / distributor target
Ferguson - New Port Richey,ferguson.com,,,Plumbing Supply,Supplier,Plumbing Supply supplier branch/candidate near New Port Richey. Verify branch phone before account setup.,New Port Richey | Branch candidate - verify exact location/phone | Import OK - verify before opening account | https://www.ferguson.com/ | Supplier / distributor target
Ferguson - Palm Harbor,ferguson.com,,,Plumbing Supply,Supplier,Plumbing Supply supplier branch/candidate near Palm Harbor. Verify branch phone before account setup.,Palm Harbor | Branch candidate - verify exact location/phone | Import OK - verify before opening account | https://www.ferguson.com/ | Supplier / distributor target
Ferguson - Pinellas Park,ferguson.com,,,Plumbing Supply,Supplier,Plumbing Supply supplier branch/candidate near Pinellas Park. Verify branch phone before account setup.,Pinellas Park | Branch candidate - verify exact location/phone | Import OK - verify before opening account | https://www.ferguson.com/ | Supplier / distributor target
Ferguson - Plant City,ferguson.com,,,Plumbing Supply,Supplier,Plumbing Supply supplier branch/candidate near Plant City. Verify branch phone before account setup.,Plant City | Branch candidate - verify exact location/phone | Import OK - verify before opening account | https://www.ferguson.com/ | Supplier / distributor target
Ferguson - Riverview,ferguson.com,,,Plumbing Supply,Supplier,Plumbing Supply supplier branch/candidate near Riverview. Verify branch phone before account setup.,Riverview | Branch candidate - verify exact location/phone | Import OK - verify before opening account | https://www.ferguson.com/ | Supplier / distributor target
Ferguson - Sarasota,ferguson.com,,,Plumbing Supply,Supplier,Plumbing Supply supplier branch/candidate near Sarasota. Verify branch phone before account setup.,Sarasota | Branch candidate - verify exact location/phone | Import OK - verify before opening account | https://www.ferguson.com/ | Supplier / distributor target
Ferguson - Spring Hill,ferguson.com,,,Plumbing Supply,Supplier,Plumbing Supply supplier branch/candidate near Spring Hill. Verify branch phone before account setup.,Spring Hill | Branch candidate - verify exact location/phone | Import OK - verify before opening account | https://www.ferguson.com/ | Supplier / distributor target
Ferguson - St. Petersburg,ferguson.com,,,Plumbing Supply,Supplier,Plumbing Supply supplier branch/candidate near St. Petersburg. Verify branch phone before account setup.,St. Petersburg | Branch candidate - verify exact location/phone | Import OK - verify before opening account | https://www.ferguson.com/ | Supplier / distributor target
Ferguson - Tampa,ferguson.com,,,Plumbing Supply,Supplier,Plumbing Supply supplier branch/candidate near Tampa. Verify branch phone before account setup.,Tampa | Branch candidate - verify exact location/phone | Import OK - verify before opening account | https://www.ferguson.com/ | Supplier / distributor target
Ferguson - Tarpon Springs,ferguson.com,,,Plumbing Supply,Supplier,Plumbing Supply supplier branch/candidate near Tarpon Springs. Verify branch phone before account setup.,Tarpon Springs | Branch candidate - verify exact location/phone | Import OK - verify before opening account | https://www.ferguson.com/ | Supplier / distributor target
Ferguson - Town 'n' Country,ferguson.com,,,Plumbing Supply,Supplier,Plumbing Supply supplier branch/candidate near Town 'n' Country. Verify branch phone before account setup.,Town 'n' Country | Branch candidate - verify exact location/phone | Import OK - verify before opening account | https://www.ferguson.com/ | Supplier / distributor target
Ferguson - Wesley Chapel,ferguson.com,,,Plumbing Supply,Supplier,Plumbing Supply supplier branch/candidate near Wesley Chapel. Verify branch phone before account setup.,Wesley Chapel | Branch candidate - verify exact location/phone | Import OK - verify before opening account | https://www.ferguson.com/ | Supplier / distributor target
Ferguson Plumbing Supply - Tampa,ferguson.com/store/fl/tampa/plumbingpvf-0196,813-881-1982,,Plumbing Supply,Supplier,"Plumbing/PVF supply store for water heaters, pumps, pipe, valves, fittings, faucets and fixtures.","5206 W Waters Ave, Tampa, FL 33634 | Official/public source found | Ready - verified | https://www.ferguson.com/store/fl/tampa/plumbingpvf-0196 | Supplier / distributor target"
Ferguson Plumbing Supply Clearwater,ferguson.com,,,Plumbing Supply,Supplier,Plumbing Supply supplier branch/candidate near Clearwater. Verify phone/email before account setup.,Clearwater | Branch candidate - verify exact phone/email | Import OK - verify before opening account | https://www.ferguson.com/ | Supplier / distributor target
Ferguson Plumbing Supply Lakeland,ferguson.com,,,Plumbing Supply,Supplier,Plumbing Supply supplier branch/candidate near Lakeland. Verify phone/email before account setup.,Lakeland | Branch candidate - verify exact phone/email | Import OK - verify before opening account | https://www.ferguson.com/ | Supplier / distributor target
Ferguson Plumbing Supply St Petersburg,ferguson.com,,,Plumbing Supply,Supplier,Plumbing Supply supplier branch/candidate near St. Petersburg. Verify phone/email before account setup.,St. Petersburg | Branch candidate - verify exact phone/email | Import OK - verify before opening account | https://www.ferguson.com/ | Supplier / distributor target
Hughes Supply Brandon Area,hughestampa.com,,,Plumbing Supply,Supplier,Plumbing Supply supplier branch/candidate near Brandon / Tampa Bay. Verify phone/email before account setup.,Brandon / Tampa Bay | Branch candidate - verify exact phone/email | Import OK - verify before opening account | https://hughestampa.com/ | Supplier / distributor target
Hughes Supply Tampa,hughestampa.com,813-623-3574,prf584@hajoca.com,Plumbing Supply,Supplier,"Plumbing supplies for commercial, residential, multi-family and service sectors.","6920 East 14th Ave, Tampa, FL 33619 | Official/public source found | Ready - verified | https://hughestampa.com/ | Supplier / distributor target"
Murray Supply Tampa,murraysupply.com,,,Plumbing Supply,Supplier,Plumbing Supply supplier branch/candidate near Tampa Bay. Verify phone/email before account setup.,Tampa Bay | Branch candidate - verify exact phone/email | Import OK - verify before opening account | https://www.murraysupply.com/ | Supplier / distributor target
Noland Company Tampa,winsupplyinc.com,,,Plumbing Supply,Supplier,Plumbing Supply supplier branch/candidate near Tampa Bay. Verify phone/email before account setup.,Tampa Bay | Branch candidate - verify exact phone/email | Import OK - verify before opening account | https://www.winsupplyinc.com/ | Supplier / distributor target
Tampa Winsupply,mcguiremfg.com/stocking-distributors-florida,813-249-8612,,Plumbing Supply,Supplier,Winsupply stocking distributor location in Tampa.,"7040 Anderson Rd, Tampa, FL 33634 | Official/public source found | Ready - verified | https://www.mcguiremfg.com/stocking-distributors-florida | Supplier / distributor target"
Winsupply Clearwater,winsupplyinc.com,,,Plumbing Supply,Supplier,Plumbing Supply supplier branch/candidate near Clearwater. Verify phone/email before account setup.,Clearwater | Branch candidate - verify exact phone/email | Import OK - verify before opening account | https://www.winsupplyinc.com/ | Supplier / distributor target
Winsupply Lakeland,winsupplyinc.com,,,Plumbing Supply,Supplier,Plumbing Supply supplier branch/candidate near Lakeland. Verify phone/email before account setup.,Lakeland | Branch candidate - verify exact phone/email | Import OK - verify before opening account | https://www.winsupplyinc.com/ | Supplier / distributor target
Winsupply Largo,winsupplyinc.com,,,Plumbing Supply,Supplier,Plumbing Supply supplier branch/candidate near Largo. Verify phone/email before account setup.,Largo | Branch candidate - verify exact phone/email | Import OK - verify before opening account | https://www.winsupplyinc.com/ | Supplier / distributor target
Winsupply St Petersburg,winsupplyinc.com,,,Plumbing Supply,Supplier,Plumbing Supply supplier branch/candidate near St. Petersburg. Verify phone/email before account setup.,St. Petersburg | Branch candidate - verify exact phone/email | Import OK - verify before opening account | https://www.winsupplyinc.com/ | Supplier / distributor target
PoolCorp / SCP Distributors Tampa,scppool.com,,,Pool / Outdoor Supply,Supplier,Pool / Outdoor Supply supplier branch/candidate near Tampa Bay. Verify phone/email before account setup.,Tampa Bay | Branch candidate - verify exact phone/email | Import OK - verify before opening account | https://www.scppool.com/ | Supplier / distributor target
Pompeii Quartz Tampa,pompeiiquartz.com,,,Quartz / Stone Supply,Supplier,Quartz / Stone Supply supplier branch/candidate near Tampa Bay. Verify phone/email before account setup.,Tampa Bay | Branch candidate - verify exact phone/email | Import OK - verify before opening account | https://pompeiiquartz.com/ | Supplier / distributor target
Commercial Metals Company Tampa,cmc.com,,,Rebar / Steel Supply,Supplier,Rebar / Steel Supply supplier branch/candidate near Tampa Bay. Verify phone/email before account setup.,Tampa Bay | Branch candidate - verify exact phone/email | Import OK - verify before opening account | https://www.cmc.com/ | Supplier / distributor target
Beacon Building Products Tampa,becn.com,,,Roofing / Building Materials,Supplier,Roofing / Building Materials supplier branch/candidate near Tampa. Verify phone/email before account setup.,Tampa | Branch candidate - verify exact phone/email | Import OK - verify before opening account | https://www.becn.com/ | Supplier / distributor target
Spec Building Materials Tampa,specroofing.com,,,Roofing / Building Materials,Supplier,Roofing / Building Materials supplier branch/candidate near Tampa. Verify phone/email before account setup.,Tampa | Branch candidate - verify exact phone/email | Import OK - verify before opening account | https://specroofing.com/ | Supplier / distributor target
SRS Distribution Tampa,srsdistribution.com,,,Roofing / Building Materials,Supplier,Roofing / Building Materials supplier branch/candidate near Tampa. Verify phone/email before account setup.,Tampa | Branch candidate - verify exact phone/email | Import OK - verify before opening account | https://www.srsdistribution.com/ | Supplier / distributor target
ABC Supply - Bradenton,abcsupply.com,,,Roofing / Exterior Supply,Supplier,Roofing / Exterior Supply supplier branch/candidate near Bradenton. Verify branch phone before account setup.,Bradenton | Branch candidate - verify exact location/phone | Import OK - verify before opening account | https://www.abcsupply.com/ | Supplier / distributor target
ABC Supply - Brandon,abcsupply.com,,,Roofing / Exterior Supply,Supplier,Roofing / Exterior Supply supplier branch/candidate near Brandon. Verify branch phone before account setup.,Brandon | Branch candidate - verify exact location/phone | Import OK - verify before opening account | https://www.abcsupply.com/ | Supplier / distributor target
ABC Supply - Carrollwood,abcsupply.com,,,Roofing / Exterior Supply,Supplier,Roofing / Exterior Supply supplier branch/candidate near Carrollwood. Verify branch phone before account setup.,Carrollwood | Branch candidate - verify exact location/phone | Import OK - verify before opening account | https://www.abcsupply.com/ | Supplier / distributor target
ABC Supply - Dade City,abcsupply.com,,,Roofing / Exterior Supply,Supplier,Roofing / Exterior Supply supplier branch/candidate near Dade City. Verify branch phone before account setup.,Dade City | Branch candidate - verify exact location/phone | Import OK - verify before opening account | https://www.abcsupply.com/ | Supplier / distributor target
ABC Supply - Largo,abcsupply.com,,,Roofing / Exterior Supply,Supplier,Roofing / Exterior Supply supplier branch/candidate near Largo. Verify branch phone before account setup.,Largo | Branch candidate - verify exact location/phone | Import OK - verify before opening account | https://www.abcsupply.com/ | Supplier / distributor target
ABC Supply - Lutz,abcsupply.com,,,Roofing / Exterior Supply,Supplier,Roofing / Exterior Supply supplier branch/candidate near Lutz. Verify branch phone before account setup.,Lutz | Branch candidate - verify exact location/phone | Import OK - verify before opening account | https://www.abcsupply.com/ | Supplier / distributor target
ABC Supply - New Port Richey,abcsupply.com,,,Roofing / Exterior Supply,Supplier,Roofing / Exterior Supply supplier branch/candidate near New Port Richey. Verify branch phone before account setup.,New Port Richey | Branch candidate - verify exact location/phone | Import OK - verify before opening account | https://www.abcsupply.com/ | Supplier / distributor target
ABC Supply - Palm Harbor,abcsupply.com,,,Roofing / Exterior Supply,Supplier,Roofing / Exterior Supply supplier branch/candidate near Palm Harbor. Verify branch phone before account setup.,Palm Harbor | Branch candidate - verify exact location/phone | Import OK - verify before opening account | https://www.abcsupply.com/ | Supplier / distributor target
ABC Supply - Pinellas Park,abcsupply.com,,,Roofing / Exterior Supply,Supplier,Roofing / Exterior Supply supplier branch/candidate near Pinellas Park. Verify branch phone before account setup.,Pinellas Park | Branch candidate - verify exact location/phone | Import OK - verify before opening account | https://www.abcsupply.com/ | Supplier / distributor target
ABC Supply - Plant City,abcsupply.com,,,Roofing / Exterior Supply,Supplier,Roofing / Exterior Supply supplier branch/candidate near Plant City. Verify branch phone before account setup.,Plant City | Branch candidate - verify exact location/phone | Import OK - verify before opening account | https://www.abcsupply.com/ | Supplier / distributor target
ABC Supply - Riverview,abcsupply.com,,,Roofing / Exterior Supply,Supplier,Roofing / Exterior Supply supplier branch/candidate near Riverview. Verify branch phone before account setup.,Riverview | Branch candidate - verify exact location/phone | Import OK - verify before opening account | https://www.abcsupply.com/ | Supplier / distributor target
ABC Supply - Sarasota,abcsupply.com,,,Roofing / Exterior Supply,Supplier,Roofing / Exterior Supply supplier branch/candidate near Sarasota. Verify branch phone before account setup.,Sarasota | Branch candidate - verify exact location/phone | Import OK - verify before opening account | https://www.abcsupply.com/ | Supplier / distributor target
ABC Supply - Spring Hill,abcsupply.com,,,Roofing / Exterior Supply,Supplier,Roofing / Exterior Supply supplier branch/candidate near Spring Hill. Verify branch phone before account setup.,Spring Hill | Branch candidate - verify exact location/phone | Import OK - verify before opening account | https://www.abcsupply.com/ | Supplier / distributor target
ABC Supply - Tampa,abcsupply.com,,,Roofing / Exterior Supply,Supplier,Roofing / Exterior Supply supplier branch/candidate near Tampa. Verify branch phone before account setup.,Tampa | Branch candidate - verify exact location/phone | Import OK - verify before opening account | https://www.abcsupply.com/ | Supplier / distributor target
ABC Supply - Tampa,abcsupply.com/location/tampa-FL-33619-3224,813-248-9366,,Roofing / Exterior Supply,Supplier,"Roofing, siding, windows and exterior building products.","5012 Acline Dr E, Tampa, FL 33619 | Official/public source found | Ready - verified | https://www.abcsupply.com/location/tampa-FL-33619-3224 | Supplier / distributor target"
ABC Supply - Tarpon Springs,abcsupply.com,,,Roofing / Exterior Supply,Supplier,Roofing / Exterior Supply supplier branch/candidate near Tarpon Springs. Verify branch phone before account setup.,Tarpon Springs | Branch candidate - verify exact location/phone | Import OK - verify before opening account | https://www.abcsupply.com/ | Supplier / distributor target
ABC Supply - Town 'n' Country,abcsupply.com,,,Roofing / Exterior Supply,Supplier,Roofing / Exterior Supply supplier branch/candidate near Town 'n' Country. Verify branch phone before account setup.,Town 'n' Country | Branch candidate - verify exact location/phone | Import OK - verify before opening account | https://www.abcsupply.com/ | Supplier / distributor target
ABC Supply - Wesley Chapel,abcsupply.com,,,Roofing / Exterior Supply,Supplier,Roofing / Exterior Supply supplier branch/candidate near Wesley Chapel. Verify branch phone before account setup.,Wesley Chapel | Branch candidate - verify exact location/phone | Import OK - verify before opening account | https://www.abcsupply.com/ | Supplier / distributor target
ABC Supply Clearwater,abcsupply.com,,,Roofing / Exterior Supply,Supplier,Roofing / Exterior Supply supplier branch/candidate near Clearwater. Verify phone/email before account setup.,Clearwater | Branch candidate - verify exact phone/email | Import OK - verify before opening account | https://www.abcsupply.com/ | Supplier / distributor target
ABC Supply Lakeland,abcsupply.com,,,Roofing / Exterior Supply,Supplier,Roofing / Exterior Supply supplier branch/candidate near Lakeland. Verify phone/email before account setup.,Lakeland | Branch candidate - verify exact phone/email | Import OK - verify before opening account | https://www.abcsupply.com/ | Supplier / distributor target
ABC Supply St Petersburg,abcsupply.com,,,Roofing / Exterior Supply,Supplier,Roofing / Exterior Supply supplier branch/candidate near St. Petersburg. Verify phone/email before account setup.,St. Petersburg | Branch candidate - verify exact phone/email | Import OK - verify before opening account | https://www.abcsupply.com/ | Supplier / distributor target
Allied Building Products Tampa Bay,becn.com,,,Roofing / Exterior Supply,Supplier,Roofing / Exterior Supply supplier branch/candidate near Tampa Bay. Verify phone/email before account setup.,Tampa Bay | Branch candidate - verify exact phone/email | Import OK - verify before opening account | https://www.becn.com/ | Supplier / distributor target
ABC Supply Co. Inc.,abcsupply.com,,,Roofing Supply,Supplier,"ABC Supply Co. Inc. is our primary vendor for high-quality building materials, specializing in roofing, siding, and window supplies. We maintain an active commercial account (A/C#",Existing workbook - phone/email extracted where possible | Ready - verified | https://www.abcsupply.com/ | Review existing row: some old entries may be contractor/service records
AlumFlo Inc.,alumfloinc.com,,,Roofing Supply,Supplier,"Siding contractor offering roofing, windows, and other exterior building products. | Address: 2445 51st Ave N, St. Petersburg, FL 33714 | Pricing List: | Framework – 2 in × 2 in | Unit",Existing workbook - phone/email extracted where possible | Ready - verified | https://www.alumfloinc.com/ | Review existing row: some old entries may be contractor/service records
Beacon Building Products - Bradenton,becn.com,,,Roofing Supply,Supplier,Roofing Supply supplier branch/candidate near Bradenton. Verify branch phone before account setup.,Bradenton | Branch candidate - verify exact location/phone | Import OK - verify before opening account | https://www.becn.com/ | Supplier / distributor target
Beacon Building Products - Brandon,becn.com,,,Roofing Supply,Supplier,Roofing Supply supplier branch/candidate near Brandon. Verify branch phone before account setup.,Brandon | Branch candidate - verify exact location/phone | Import OK - verify before opening account | https://www.becn.com/ | Supplier / distributor target
Beacon Building Products - Carrollwood,becn.com,,,Roofing Supply,Supplier,Roofing Supply supplier branch/candidate near Carrollwood. Verify branch phone before account setup.,Carrollwood | Branch candidate - verify exact location/phone | Import OK - verify before opening account | https://www.becn.com/ | Supplier / distributor target
Beacon Building Products - Dade City,becn.com,,,Roofing Supply,Supplier,Roofing Supply supplier branch/candidate near Dade City. Verify branch phone before account setup.,Dade City | Branch candidate - verify exact location/phone | Import OK - verify before opening account | https://www.becn.com/ | Supplier / distributor target
Beacon Building Products - Lakeland,becn.com,,,Roofing Supply,Supplier,Roofing Supply supplier branch/candidate near Lakeland. Verify branch phone before account setup.,Lakeland | Branch candidate - verify exact location/phone | Import OK - verify before opening account | https://www.becn.com/ | Supplier / distributor target
Beacon Building Products - Largo,becn.com,,,Roofing Supply,Supplier,Roofing Supply supplier branch/candidate near Largo. Verify branch phone before account setup.,Largo | Branch candidate - verify exact location/phone | Import OK - verify before opening account | https://www.becn.com/ | Supplier / distributor target
Beacon Building Products - Lutz,becn.com,,,Roofing Supply,Supplier,Roofing Supply supplier branch/candidate near Lutz. Verify branch phone before account setup.,Lutz | Branch candidate - verify exact location/phone | Import OK - verify before opening account | https://www.becn.com/ | Supplier / distributor target
Beacon Building Products - New Port Richey,becn.com,,,Roofing Supply,Supplier,Roofing Supply supplier branch/candidate near New Port Richey. Verify branch phone before account setup.,New Port Richey | Branch candidate - verify exact location/phone | Import OK - verify before opening account | https://www.becn.com/ | Supplier / distributor target
Beacon Building Products - Palm Harbor,becn.com,,,Roofing Supply,Supplier,Roofing Supply supplier branch/candidate near Palm Harbor. Verify branch phone before account setup.,Palm Harbor | Branch candidate - verify exact location/phone | Import OK - verify before opening account | https://www.becn.com/ | Supplier / distributor target
Beacon Building Products - Pinellas Park,becn.com,,,Roofing Supply,Supplier,Roofing Supply supplier branch/candidate near Pinellas Park. Verify branch phone before account setup.,Pinellas Park | Branch candidate - verify exact location/phone | Import OK - verify before opening account | https://www.becn.com/ | Supplier / distributor target
Beacon Building Products - Plant City,becn.com,,,Roofing Supply,Supplier,Roofing Supply supplier branch/candidate near Plant City. Verify branch phone before account setup.,Plant City | Branch candidate - verify exact location/phone | Import OK - verify before opening account | https://www.becn.com/ | Supplier / distributor target
Beacon Building Products - Riverview,becn.com,,,Roofing Supply,Supplier,Roofing Supply supplier branch/candidate near Riverview. Verify branch phone before account setup.,Riverview | Branch candidate - verify exact location/phone | Import OK - verify before opening account | https://www.becn.com/ | Supplier / distributor target
Beacon Building Products - Sarasota,becn.com,,,Roofing Supply,Supplier,Roofing Supply supplier branch/candidate near Sarasota. Verify branch phone before account setup.,Sarasota | Branch candidate - verify exact location/phone | Import OK - verify before opening account | https://www.becn.com/ | Supplier / distributor target
Beacon Building Products - Spring Hill,becn.com,,,Roofing Supply,Supplier,Roofing Supply supplier branch/candidate near Spring Hill. Verify branch phone before account setup.,Spring Hill | Branch candidate - verify exact location/phone | Import OK - verify before opening account | https://www.becn.com/ | Supplier / distributor target
Beacon Building Products - St. Petersburg,becn.com,,,Roofing Supply,Supplier,Roofing Supply supplier branch/candidate near St. Petersburg. Verify branch phone before account setup.,St. Petersburg | Branch candidate - verify exact location/phone | Import OK - verify before opening account | https://www.becn.com/ | Supplier / distributor target
Beacon Building Products - Tarpon Springs,becn.com,,,Roofing Supply,Supplier,Roofing Supply supplier branch/candidate near Tarpon Springs. Verify branch phone before account setup.,Tarpon Springs | Branch candidate - verify exact location/phone | Import OK - verify before opening account | https://www.becn.com/ | Supplier / distributor target
Beacon Building Products - Town 'n' Country,becn.com,,,Roofing Supply,Supplier,Roofing Supply supplier branch/candidate near Town 'n' Country. Verify branch phone before account setup.,Town 'n' Country | Branch candidate - verify exact location/phone | Import OK - verify before opening account | https://www.becn.com/ | Supplier / distributor target
Beacon Building Products - Wesley Chapel,becn.com,,,Roofing Supply,Supplier,Roofing Supply supplier branch/candidate near Wesley Chapel. Verify branch phone before account setup.,Wesley Chapel | Branch candidate - verify exact location/phone | Import OK - verify before opening account | https://www.becn.com/ | Supplier / distributor target
Beacon Building Products Clearwater,becn.com,,,Roofing Supply,Supplier,Roofing Supply supplier branch/candidate near Clearwater. Verify phone/email before account setup.,Clearwater | Branch candidate - verify exact phone/email | Import OK - verify before opening account | https://www.becn.com/ | Supplier / distributor target
Edgar Izaguirre,,813-510-8835,,Roofing Supply,Supplier,8135108835 | roof 3.5$ sgft,Existing workbook - phone/email extracted where possible | Ready - verified | Review existing row: some old entries may be contractor/service records
Gulfeagle Supply Clearwater,gulfeaglesupply.com,,,Roofing Supply,Supplier,Roofing Supply supplier branch/candidate near Clearwater. Verify phone/email before account setup.,Clearwater | Branch candidate - verify exact phone/email | Import OK - verify before opening account | https://www.gulfeaglesupply.com/ | Supplier / distributor target
Gulfeagle Supply Tampa,gulfeaglesupply.com,,,Roofing Supply,Supplier,Roofing Supply supplier branch/candidate near Tampa. Verify phone/email before account setup.,Tampa | Branch candidate - verify exact phone/email | Import OK - verify before opening account | https://www.gulfeaglesupply.com/ | Supplier / distributor target
Ricky Sanchez,,,,Roofing Supply,Supplier,Roof Installation | (Vendor From Facebook Chat),Existing workbook - phone/email extracted where possible | Hold - missing public contact | Review existing row: some old entries may be contractor/service records
Roofers Mart Tampa Bay,roofersmart.com,,,Roofing Supply,Supplier,Roofing Supply supplier branch/candidate near Tampa Bay. Verify phone/email before account setup.,Tampa Bay | Branch candidate - verify exact phone/email | Import OK - verify before opening account | https://www.roofersmart.com/ | Supplier / distributor target
Suncoast Roofers Supply,suncoastrooferssupply.com,,,Roofing Supply,Supplier,Roofing Supply supplier branch/candidate near Tampa Bay. Verify phone/email before account setup.,Tampa Bay | Branch candidate - verify exact phone/email | Import OK - verify before opening account | https://www.suncoastrooferssupply.com/ | Supplier / distributor target
Suncoast Roofers Supply Tampa,srsdistribution.com,,,Roofing Supply,Supplier,Roofing Supply supplier branch/candidate near Tampa Bay. Verify phone/email before account setup.,Tampa Bay | Branch candidate - verify exact phone/email | Import OK - verify before opening account | https://www.srsdistribution.com/ | Supplier / distributor target
Trusted Bay Roofing,,,,Roofing Supply,Supplier,Awilda's roofing,Existing workbook - phone/email extracted where possible | Hold - missing public contact | Review existing row: some old entries may be contractor/service records
Tampa Bay Steel Corporation,tampabaysteel.com,,,Steel / Metal Supply,Supplier,Steel / Metal Supply supplier branch/candidate near Tampa Bay. Verify phone/email before account setup.,Tampa Bay | Branch candidate - verify exact phone/email | Import OK - verify before opening account | https://www.tampabaysteel.com/ | Supplier / distributor target
Tampa Steel & Supply,tampasteel.com,,,Steel / Metal Supply,Supplier,"Steel supplies, ornamental iron and fabrication accessories for Tampa Bay.",Tampa | Official/public source found | Ready - verified | https://tampasteel.com/ | Supplier / distributor target
THERMATRU,thermatru.com,,customersupport@thermatru.com,Steel / Metal Supply,Supplier,"Therm-Tru manufactures door systems: fiberglass and steel entry doors, patio doors, accessories, door frames, and components. | | Email : customersupport@thermatru.com | Address: 175",Existing workbook - phone/email extracted where possible | Ready - verified | https://thermatru.com | Review existing row: some old entries may be contractor/service records
Cosmos Surfaces Tampa,cosmosurfaces.com,,,Stone / Quartz Supply,Supplier,Stone / Quartz Supply supplier branch/candidate near Tampa Bay. Verify phone/email before account setup.,Tampa Bay | Branch candidate - verify exact phone/email | Import OK - verify before opening account | https://cosmosurfaces.com/ | Supplier / distributor target
OHM International Tampa,ohmintl.com,,,Stone / Slab Supply,Supplier,Stone / Slab Supply supplier branch/candidate near Tampa Bay. Verify phone/email before account setup.,Tampa Bay | Branch candidate - verify exact phone/email | Import OK - verify before opening account | https://www.ohmintl.com/ | Supplier / distributor target
Primestones Tampa Bay,primestones.com,,,Stone / Slab Supply,Supplier,Stone / Slab Supply supplier branch/candidate near Tampa Bay. Verify phone/email before account setup.,Tampa Bay | Branch candidate - verify exact phone/email | Import OK - verify before opening account | https://primestones.com/ | Supplier / distributor target
Triton Stone Group Tampa,tritonstone.com,,,Stone / Tile Supply,Supplier,Stone / Tile Supply supplier branch/candidate near Tampa Bay. Verify phone/email before account setup.,Tampa Bay | Branch candidate - verify exact phone/email | Import OK - verify before opening account | https://tritonstone.com/ | Supplier / distributor target
Kimco Supply Company,kimcosupply.com/building-supplies,813-443-0791,info@kimcosupply.com,Stucco / Drywall / Building Materials,Supplier,"Steel framing, drywall, insulation, stucco, stone, masonry, safety and accessories.","3904 E Adamo Dr, Tampa, FL 33605 | Official/public source found | Ready - verified | https://kimcosupply.com/building-supplies/ | Supplier / distributor target"
Florida Stucco Supply,floridastuccosupply.com,656-236-0399,,Stucco / EIFS Supply,Supplier,"Distributor and wholesaler for stucco, EIFS and construction materials in Tampa Bay.","9508 Trask St, Tampa, FL 33624 | Official/public source found | Ready - verified | https://floridastuccosupply.com/ | Supplier / distributor target"
PRO STUCCO MASONRY & POOLS,tampabaystucco.com,813-356-9799,prostuccoandmasonry@gmail.com,Stucco / EIFS Supply,Supplier,"Name: Steve | | Phone: (813) 356-9799 | Address: Tampa, FL 33614. | Email: prostuccoandmasonry@gmail.com | | Provides : Stucco & Masonry,Pool Services,Concrete Work,Painting,Roof Servi",Existing workbook - phone/email extracted where possible | Ready - verified | https://tampabaystucco.com | Review existing row: some old entries may be contractor/service records
R.S. Elliott Sarasota,rselliott.com,,,Stucco / EIFS Supply,Supplier,Stucco / EIFS Supply supplier branch/candidate near Sarasota. Verify phone/email before account setup.,Sarasota | Branch candidate - verify exact phone/email | Import OK - verify before opening account | https://rselliott.com/ | Supplier / distributor target
R.S. Elliott Specialty Supply - Tampa/Plant City,rselliott.com/s/content/tampa-fl-rse,,,Stucco / EIFS Supply,Supplier,"Interior and exterior building products; Tampa-area yard specializes in EIFS, stucco and related products.",Airport Road / Plant City area | Official/public source found | Ready - verified | https://rselliott.com/s/content/tampa-fl-rse | Supplier / distributor target
STUCCO SPECIALIST LLC,,,,Stucco / EIFS Supply,Supplier,"Please contact these people by text message, phone, or email to find out how much they're charging per square foot of stock, including and excluding materials. Tell me if you're lo",Existing workbook - phone/email extracted where possible | Hold - missing public contact | Review existing row: some old entries may be contractor/service records
"West Central Florida Contracting, Inc.",wcflcontracting.com,,,Stucco / EIFS Supply,Supplier,"West Central Florida Contracting, Inc. specializes in cementitious and synthetic stucco systems, stone installation, and decorative architectural foam. They handle both small and l",Existing workbook - phone/email extracted where possible | Ready - verified | https://wcflcontracting.com/ | Review existing row: some old entries may be contractor/service records
Davis Concrete / Stucco & Plaster Supplies,davisconcreteinc.com/decorative-finishes/stucco-and-plaster,,,Stucco / Masonry Supply,Supplier,"Stucco and plaster supplies including beads, mesh, blends and accessories.",Clearwater / Tampa Bay | Official/public source found | Ready - verified | https://www.davisconcreteinc.com/decorative-finishes/stucco-and-plaster/ | Supplier / distributor target
MSI Tampa Bay,msisurfaces.com,,,Tile / Stone / Flooring Supply,Supplier,Tile / Stone / Flooring Supply supplier branch/candidate near Tampa Bay. Verify phone/email before account setup.,Tampa Bay | Branch candidate - verify exact phone/email | Import OK - verify before opening account | https://www.msisurfaces.com/ | Supplier / distributor target
Bedrosians Tampa,bedrosians.com,,,Tile / Stone Supply,Supplier,Tile / Stone Supply supplier branch/candidate near Tampa Bay. Verify phone/email before account setup.,Tampa Bay | Branch candidate - verify exact phone/email | Import OK - verify before opening account | https://www.bedrosians.com/ | Supplier / distributor target
Cancos Tile Tampa Bay,cancostileandstone.com,,,Tile / Stone Supply,Supplier,Tile / Stone Supply supplier branch/candidate near Tampa Bay. Verify phone/email before account setup.,Tampa Bay | Branch candidate - verify exact phone/email | Import OK - verify before opening account | https://www.cancostileandstone.com/ | Supplier / distributor target
Daltile Tampa,daltile.com,,,Tile / Stone Supply,Supplier,Tile / Stone Supply supplier branch/candidate near Tampa. Verify phone/email before account setup.,Tampa | Branch candidate - verify exact phone/email | Import OK - verify before opening account | https://www.daltile.com/ | Supplier / distributor target
Soci Tile Tampa Bay,sociinc.com,,,Tile / Stone Supply,Supplier,Tile / Stone Supply supplier branch/candidate near Tampa Bay. Verify phone/email before account setup.,Tampa Bay | Branch candidate - verify exact phone/email | Import OK - verify before opening account | https://www.sociinc.com/ | Supplier / distributor target
The Tile Shop Tampa,tileshop.com,,,Tile / Stone Supply,Supplier,Tile / Stone Supply supplier branch/candidate near Tampa Bay. Verify phone/email before account setup.,Tampa Bay | Branch candidate - verify exact phone/email | Import OK - verify before opening account | https://www.tileshop.com/ | Supplier / distributor target
Emser Tile Tampa Bay,emser.com,,,Tile Supply,Supplier,Tile Supply supplier branch/candidate near Tampa Bay. Verify phone/email before account setup.,Tampa Bay | Branch candidate - verify exact phone/email | Import OK - verify before opening account | https://www.emser.com/ | Supplier / distributor target
Florida Tile Tampa Bay,floridatile.com,,,Tile Supply,Supplier,Tile Supply supplier branch/candidate near Tampa Bay. Verify phone/email before account setup.,Tampa Bay | Branch candidate - verify exact phone/email | Import OK - verify before opening account | https://www.floridatile.com/ | Supplier / distributor target
Harbor Freight Tools Tampa,harborfreight.com,,,Tools / Equipment Supply,Supplier,Tools / Equipment Supply supplier branch/candidate near Tampa. Verify phone/email before account setup.,Tampa | Branch candidate - verify exact phone/email | Import OK - verify before opening account | https://www.harborfreight.com/ | Supplier / distributor target
Northern Tool + Equipment Tampa,northerntool.com,,,Tools / Equipment Supply,Supplier,Tools / Equipment Supply supplier branch/candidate near Tampa. Verify phone/email before account setup.,Tampa | Branch candidate - verify exact phone/email | Import OK - verify before opening account | https://www.northerntool.com/ | Supplier / distributor target
Hilti Tampa,hilti.com,,,Tools / Fasteners Supply,Supplier,Tools / Fasteners Supply supplier branch/candidate near Tampa. Verify phone/email before account setup.,Tampa | Branch candidate - verify exact phone/email | Import OK - verify before opening account | https://www.hilti.com/ | Supplier / distributor target
Core & Main Tampa,coreandmain.com,,,Waterworks / Pipe Supply,Supplier,Waterworks / Pipe Supply supplier branch/candidate near Tampa Bay. Verify phone/email before account setup.,Tampa Bay | Branch candidate - verify exact phone/email | Import OK - verify before opening account | https://coreandmain.com/ | Supplier / distributor target
Ferguson Waterworks - Tampa,ferguson.com,,,Waterworks / Plumbing Supply,Supplier,Waterworks / Plumbing Supply supplier branch/candidate near Tampa Bay. Verify phone/email before account setup.,Tampa Bay | Branch candidate - verify exact phone/email | Import OK - verify before opening account | https://www.ferguson.com/ | Supplier / distributor target
ABC Supply - Tampa Acline Dr,https://www.abcsupply.com/location/tampa-FL-33619-3224,813-248-9366,,Building Materials,Supplier / Distributor,Exterior and interior building products supplier.,Tampa branch. Verify product availability and contractor pricing before ordering.
ABC Supply - Tampa Adamo Dr,https://www.abcsupply.com/locations/,813-248-0050,,Building Materials,Supplier / Distributor,Building materials branch serving Tampa contractors.,Tampa location listed by ABC Supply. Verify exact products by branch.
Town & Country Industries - Tampa,https://www.westlakeroyalbuildingproducts.com/town-country-industries-tampa-0,,,Aluminum / Building Products,Supplier / Distributor,Aluminum and building products distributor in Tampa.,"Address listed as 9808 Broadway Avenue East, Tampa, FL 33619. Verify branch contact before ordering."
Gator Gypsum - Tampa,https://gatorgypsum.com/s/content/tampa-fl,813-248-6393,,Drywall / Stucco / Building Materials,Supplier / Distributor,"Drywall, steel, EIFS, stucco, tools, and construction supplies.",Tampa yard at 3904 East Adamo Drive. Contractor material supplier.
Kimco Supply Company - Tampa,https://gatorgypsum.com/s/content/tampa-fl,813-443-0791,,Building Materials,Supplier / Distributor,Building materials supplier for Tampa and Central Florida construction.,Tampa yard at 7810 Professional Place. Verify inventory before ordering.
R.S. Elliott Specialty Supply - Plant City,https://gatorgypsum.com/s/content/tampa-fl,813-719-3625,,Specialty Building Materials,Supplier / Distributor,Specialty construction supply source for Central Florida contractors.,Plant City yard at 2702 Airport Road serving Tampa area.
Rugby Architectural Building Products - Tampa,https://rugbyabp.com/branch-locations/tampa-fl/,,,Cabinets / Hardware / Panels,Supplier / Distributor,"Distributor for decorative laminate, cabinet doors, hardware, plywood, lumber, and panels.","Good supplier for cabinet shops, millwork, panels, adhesives, laminate, and hardware."
Dixie Plywood and Lumber - Tampa,https://dixieply.com/branch/tampa,,,Plywood / Lumber / Millwork,Wholesale Distributor,"Wholesale distributor for plywood, lumber, panels, and wood products.",Serves west coast Florida from Crystal River to Naples and cabinet/wood product manufacturers.
Builders FirstSource - Tampa Windows,https://www.bldr.com/location/tampa-fl-windows/TAMPFLWN,,,Windows And Doors,Supplier / Distributor,"Doors, millwork, windows, and mill shop products for contractors.",Verify whether order is supply-only or includes services depending on location.
Builders FirstSource - Tampa Lumber Yard,https://www.bldr.com/location/tampa-fl-lumber-yard/LSTTAF,813-759-5922,,Lumber / Building Materials,Supplier / Distributor,Lumber yard with pickup and delivery options.,Call branch to confirm available materials and contractor account options.
Pro City Supply - Tampa,https://procitysupply.com/building-supply-store-tampa-fl/,,,Flooring / Cabinets / Countertops / Trim,Supplier / Retail / Contractor Supply,"In-stock flooring, cabinets, countertops, trim, tools, and coatings.",Tampa building supply store focused on contractor materials and pricing.
Capital Millwork,https://capitalmillwork.com/,,,Millwork / Doors / Hardware,Supplier / Showroom,"Millwork, architectural hardware, windows, doors, and cabinetry hardware.",Use for millwork and finish selections. Verify order lead times.
Tampa Bay Millworks,https://tampabaymillworks.com/,727-787-9663,,Millwork / Cabinets / Doors,Supplier / Millwork,"Mouldings, doors, windows, cabinetry, flooring, hardware, lumber, and decking.","Serves Pinellas, Pasco, and Hillsborough from Clearwater facility. Verify supply-only availability."
Bradco Supply Corp - Hudson,https://www.handle.com/supplier/bradco-supply-corp-235c/,727-861-1077,,Building Materials / Windows,Supplier,"Building materials and windows supplier in Hudson, FL.",Pasco-area supplier. Verify current contact and product availability.
